"latitude","longitude"
NA,NA
37.58135,-81.29745
43.4654,-72.7051
37.22647,-81.09017
32.7943,-95.5425
NA,NA
NA,NA
41.45,-71.5
NA,NA
NA,NA
35.3011,-99.1702
39.38745,-81.67339
41.29873,-73.73717
39.40877,-81.73172
39.54739,-81.39101
39.46019,-81.54855
39.3731,-81.65929
39.42635,-81.37085
NA,NA
41.432,-71.65183
41.4596,-71.58906
35.0591,-81.11742
NA,NA
35.9978,-86.2011
36.25466,-86.15759
NA,NA
32.69028,-95.61056
32.85232,-95.46671
41.5,-111.75
NA,NA
NA,NA
NA,NA
NA,NA
41.41125,-111.5833
37.00085,-80.8797
36.932,-80.89
37.0048,-81.11751
43.43623,-72.43684
46.24639,-120.8681
46.71444,-120.6694
46.5602,-121.1458
46.87139,-121.2981
46.8733,-121.3051
46.82167,-121.2764
46.93333,-121.2692
46.0722,-121.3055
46.621,-121.0638
46.4984,-120.4474
46.80505,-121.0909
46.74778,-121.3603
46.85,-121.25
46.52485,-121.2957
NA,NA
NA,NA
46.85524,-121.3034
46.73581,-121.3201
46.51122,-121.2719
46.64558,-121.2323
44.42315,-89.7793
44.4308,-89.7715
NA,NA
43.27314,-76.89331
NA,NA
NA,NA
42.40489,-76.17366
NA,NA
42.32724,-76.75318
NA,NA
NA,NA
41.5036,-73.7171
42.56379,-74.8865
NA,NA
43.26886,-78.28014
NA,NA
42.6153,-77.4028
42.67993,-77.29334
41.26455,-74.1468
NA,NA
43.22649,-78.3253
43.2265,-78.1946
43.34806,-78.23962
NA,NA
NA,NA
42.32921,-75.3811
41.38084,-73.91649
41.49887,-73.59659
NA,NA
NA,NA
NA,NA
41.23296,-74.11488
44.62185,-75.58825
42.28045,-77.60525
NA,NA
NA,NA
NA,NA
42.54346,-77.36516
42.33473,-77.29253
42.13954,-77.15908
42.1174,-75.64853
41.66955,-74.0863
NA,NA
NA,NA
NA,NA
NA,NA
NA,NA
43.7268,-73.52
43.6678,-73.51238
NA,NA
43.66344,-73.56614
43.42645,-73.741
43.64706,-75.57448
43.32,-73.81
43.55915,-73.34116
NA,NA
NA,NA
43.56211,-73.45947
NA,NA
NA,NA
NA,NA
43.35086,-73.34347
43.56058,-73.40212
43.00972,-76.10047
43.1546,-75.73906
43.19501,-78.54224
NA,NA
NA,NA
NA,NA
NA,NA
43.0949,-74.27923
44.43419,-74.18324
NA,NA
NA,NA
44.26646,-74.14589
NA,NA
NA,NA
NA,NA
NA,NA
44.66399,-73.73606
42.36176,-75.0116
42.0837,-75.38025
41.97341,-73.66616
41.59773,-73.64642
41.94512,-73.87915
41.87219,-73.55858
41.60511,-73.59506
NA,NA
NA,NA
NA,NA
44.1856,-73.8094
43.81495,-74.00528
44.22388,-73.87529
44.48551,-73.52519
NA,NA
43.13206,-74.47383
NA,NA
43.61833,-74.75611
43.30679,-74.15429
43.46181,-74.23166
43.2696,-77.664
NA,NA
NA,NA
NA,NA
NA,NA
NA,NA
42.09785,-77.93121
NA,NA
39.13595,-84.17227
40.47326,-83.44371
40.28488,-81.58699
41.1462,-80.62124
41.10765,-81.4311
40.24354,-84.18491
38.77727,-83.18179
41.29247,-83.05098
38.68516,-83.12916
38.74899,-82.97854
38.83628,-83.12873
38.79215,-82.93085
38.69322,-83.12891
38.9506,-83.02551
40.79362,-81.32337
40.67979,-81.51075
40.7343,-81.15622
40.74451,-81.0758
40.75079,-81.27147
40.75872,-81.19895
40.74065,-81.35575
40.77789,-81.25768
40.90177,-81.26729
40.79438,-81.31219
41.29621,-81.5745
41.31609,-81.56152
41.23638,-81.62379
41.35208,-81.57021
41.2584,-81.56255
41.25248,-81.60838
41.16984,-81.64181
41.23739,-81.60576
NA,NA
41.21424,-81.5168
41.23925,-81.62295
41.36755,-80.76735
41.42579,-80.89096
39.74678,-89.34647
40.62147,-81.34993
40.36831,-81.32809
40.27488,-81.51749
40.6298,-81.5693
40.20275,-81.1188
40.47672,-81.39331
39.25109,-82.3997
39.14299,-82.41166
39.17029,-82.47604
39.24523,-82.27037
39.42606,-84.10463
39.40836,-84.10006
42.24542,-77.98756
NA,NA
NA,NA
42.15947,-78.82683
42.06832,-78.7492
NA,NA
NA,NA
NA,NA
39.49265,-83.11422
39.70042,-84.62567
41.30265,-81.30896
39.17257,-83.26393
39.78594,-82.29162
41.48962,-83.06977
39.63382,-81.40079
40.04603,-82.14536
40.38609,-82.69884
39.61205,-84.36754
39.75531,-81.02917
39.9784,-84.1735
41.02572,-81.77677
41.1174,-80.9835
39.96627,-83.51394
41.38274,-82.12263
41.40985,-82.11172
41.27939,-82.21939
41.05304,-80.51186
41.09087,-80.77592
41.12884,-80.85832
40.95818,-80.97507
41.11447,-80.14099
40.94825,-80.69776
40.91197,-80.70913
41.09302,-81.82391
41.12012,-81.81317
41.06019,-81.79669
41.06648,-81.96419
41.03,-82.0101
41.11417,-82.07824
41.22248,-81.91616
40.9994,-81.71439
39.89172,-84.14493
40.04342,-84.04518
NA,NA
39.8494,-84.15971
39.63662,-84.36874
NA,NA
40.4764,-82.80257
40.46339,-82.82576
40.5896,-82.82214
40.50945,-82.87663
NA,NA
39.90416,-81.98721
40.01209,-82.13298
39.88653,-81.27132
39.64081,-81.47081
39.93154,-81.28671
39.64193,-82.1013
39.63255,-82.26463
39.59607,-82.35291
39.10611,-83.0363
39.0895,-82.8342
39.05922,-83.07492
41.10715,-81.1414
41.31405,-81.38112
41.06499,-81.3741
41.15845,-81.33134
41.18518,-81.03764
41.16187,-81.37181
41.15384,-81.1124
41.2599,-81.1455
41.17646,-81.32425
41.13021,-81.11578
40.98596,-81.11642
41.13356,-81.17155
41.3235,-81.22745
41.05931,-81.3654
NA,NA
41.13183,-81.11617
NA,NA
41.06194,-81.36305
39.64146,-84.48506
39.65361,-84.66399
39.65625,-84.51192
NA,NA
40.92276,-82.44401
40.74705,-82.64864
40.61236,-82.48699
39.10495,-82.79665
39.20212,-83.13585
40.00915,-82.67252
38.54852,-82.66616
41.7164,-81.1438
40.36462,-82.24197
40.34042,-80.64211
41.0672,-82.41861
40.59935,-82.23988
39.48219,-82.32669
40.33345,-81.26559
40.6445,-83.6118
41.14896,-83.43667
39.26903,-84.25986
39.745,-83.825
NA,NA
38.88059,-82.43382
38.79833,-82.54968
38.79381,-82.55177
38.9264,-82.14285
38.965,-82.905
41.44442,-81.20629
41.47349,-81.3726
41.39803,-81.33974
41.5325,-81.1351
41.5621,-81.22853
41.57231,-81.22075
41.50086,-81.28275
41.38199,-81.27506
39.74961,-84.09158
39.6543,-83.7278
40.08946,-81.69818
40.17699,-81.63656
39.95329,-81.39827
40.10801,-81.56232
40.0799,-81.49697
39.92781,-81.61014
40.1218,-81.5117
40.1138,-81.5518
40.11632,-81.52101
40.11682,-81.4936
40.10348,-81.50933
40.12719,-81.50403
40.14003,-81.49033
NA,NA
40.01452,-81.34529
40.6559,-83.9374
40.42655,-81.25576
40.42687,-81.2558
40.36207,-81.18504
40.24786,-81.15179
40.16912,-80.62003
40.26059,-81.22332
40.30527,-80.93864
40.40611,-81.13733
40.30824,-81.24778
40.40192,-81.08803
39.39935,-82.52238
39.58157,-82.36887
NA,NA
39.56573,-82.49833
39.57143,-82.49968
40.61286,-82.17295
40.61286,-82.17295
40.62731,-82.12366
40.59307,-82.14194
40.60291,-82.16943
41.06939,-82.36591
40.36957,-80.77387
40.54269,-80.89606
40.2831,-80.78826
40.39103,-80.6937
40.3725,-80.67828
40.42591,-80.6616
40.29771,-80.75612
40.36887,-80.81801
NA,NA
38.60551,-82.71107
40.05998,-82.28814
39.74107,-82.70263
41.42364,-82.82491
40.26494,-83.0556
41.34728,-84.54476
NA,NA
41.2625,-84.38103
39.03501,-84.1317
39.92821,-83.64597
40.04792,-83.5556
40.54605,-81.26217
39.49695,-84.45905
38.81772,-83.80582
40.01784,-80.93318
NA,NA
39.4484,-82.2244
39.45789,-82.24257
39.47642,-82.24155
NA,NA
39.28537,-81.85331
NA,NA
39.86019,-81.20422
40.01983,-81.07013
39.91209,-81.04791
40.10975,-80.85938
40.10084,-81.14331
NA,NA
38.64301,-83.69977
39.37215,-84.80138
39.37509,-84.79429
40.68514,-81.02382
40.71737,-81.18352
40.64049,-80.90944
40.01979,-83.56088
39.92104,-83.95184
39.85461,-83.94906
39.86096,-83.96562
39.89216,-83.96123
39.01569,-84.08533
39.00175,-84.14354
NA,NA
38.99484,-84.10731
40.6807,-80.57164
40.63606,-80.53528
40.76533,-80.55217
40.69334,-80.57396
40.70386,-80.58332
40.72943,-80.59236
40.68935,-80.57593
40.77972,-80.64831
40.725,-80.616
40.73206,-80.61996
40.87496,-80.7291
40.92344,-80.84042
40.35097,-81.99847
40.2287,-81.96845
40.3244,-81.99955
40.25597,-82.1334
40.15002,-83.02854
41.17222,-82.34181
39.5246,-82.6353
39.59947,-82.63536
NA,NA
39.6279,-82.83647
40.08159,-83.0337
39.89203,-83.00142
41.81902,-80.58163
40.85035,-82.29486
40.73412,-84.06565
38.89665,-83.40573
36.13222,-95.79677
34.38638,-98.99414
35.56637,-94.98001
35.26808,-96.60222
36.18889,-95.74556
35.76152,-99.93007
34.86111,-96.66528
34.81417,-95.65417
35.97389,-97.03333
36.94679,-94.71512
36.62116,-96.12164
35.64389,-97.45694
35.42014,-97.21555
35.53925,-97.67827
NA,NA
36.02306,-97.1225
NA,NA
34.6021,-95.11875
34.50572,-95.12156
NA,NA
NA,NA
NA,NA
36.37919,-95.80589
38.83859,-83.28128
38.73687,-83.39134
NA,NA
39.11929,-83.40022
NA,NA
38.82795,-83.56633
40.65572,-83.93892
40.82327,-82.32803
40.99562,-82.38627
40.60787,-82.26236
40.61111,-82.29642
40.65099,-82.33575
40.8557,-82.26972
40.81139,-82.26806
40.61309,-82.31692
41.81835,-80.93665
41.72735,-80.54558
41.72134,-80.88494
41.81429,-80.84143
41.81287,-80.95952
41.76702,-80.98022
41.85256,-80.96186
36.91528,-95.80417
35.70166,-95.70208
34.495,-96.972
35.36895,-95.97023
36.879,-95.1695
33.89444,-96.75361
NA,NA
33.82444,-97.07361
35.74111,-97.479
35.86972,-96.968
35.00278,-95.34111
NA,NA
35.27056,-95.97
34.73153,-99.81514
34.21174,-96.63857
34.92333,-95.26167
34.72195,-94.96639
34.75139,-95.04778
34.61361,-94.84861
34.44333,-94.65639
34.84167,-94.63111
34.53889,-94.93722
34.52667,-94.70278
34.59583,-94.55944
34.52436,-94.91928
34.689,-94.7325
34.695,-94.685
34.78833,-94.70667
34.64583,-94.575
34.74338,-94.7297
34.73966,-94.7264
NA,NA
34.49108,-94.49968
NA,NA
34.4082,-94.38045
35.0271,-94.66875
34.8146,-94.66875
34.4415,-94.4325
34.64856,-94.46039
35.68583,-97.00389
35.68081,-97.26022
NA,NA
36.22935,-95.2419
35.24194,-97.5625
34.39639,-95.01167
34.45195,-94.60042
34.36778,-94.68028
34.021,-94.4435
34.0775,-94.4095
34.13716,-94.69904
35.2933,-95.94727
35.7575,-95.60667
NA,NA
36.03501,-96.36707
34.62944,-98.62833
35.21111,-97.24139
34.11306,-95.62278
NA,NA
34.9575,-98.31556
34.29861,-96.30222
NA,NA
45.4051,-121.424
45.44986,-117.7273
NA,NA
45.3712,-118.5518
NA,NA
45.5,-118.42
45.9957,-118.1253
45.5789,-118.6016
45.3233,-118.2742
NA,NA
45.6605,-118.5654
NA,NA
45.48318,-118.83
45.84175,-117.991
45.99215,-118.0811
45.46571,-118.875
45.58982,-118.6131
45.6764,-118.5658
45.66721,-118.7056
45.45024,-118.3243
45.43806,-118.0883
NA,NA
45.80374,-118.0603
NA,NA
45.91665,-117.925
44.8464,-121.1537
NA,NA
NA,NA
45.8417,-121.7084
45.24006,-121.6794
45.33935,-121.3226
45.63606,-123.3471
NA,NA
45.4915,-123.2665
45.46429,-123.0697
45.48204,-122.9903
45.76569,-123.3601
34.25,-96.21
35.50556,-98.575
35.10278,-98.34056
35.33389,-98.13028
35.08344,-98.24586
35.50285,-94.77699
35.325,-95.0585
35.92806,-94.83
35.27639,-97.33528
NA,NA
34.76134,-98.61497
35,-99
36.4168,-94.78227
36.4075,-94.92667
NA,NA
NA,NA
45.06881,-123.6956
45.4861,-122.277
45.83675,-119.6389
NA,NA
44.6335,-121.8165
44.23861,-122.0505
NA,NA
NA,NA
NA,NA
45.2075,-121.886
NA,NA
44.825,-118.415
44.39104,-118.9491
43.8628,-121.8829
44.1263,-121.3338
43.48257,-121.9104
NA,NA
43.5705,-121.8955
44.16966,-121.5014
NA,NA
43.7151,-121.6347
44.2157,-121.4755
43.94225,-121.3815
NA,NA
NA,NA
NA,NA
44.56625,-121.6384
43.97603,-121.7828
43.98136,-121.4705
43.31815,-122.1954
43.40867,-122.8887
43.6744,-123.2675
43.7827,-123.9599
43.20335,-122.3759
43.225,-123.175
44.55505,-123.3604
43.16815,-123.4911
NA,NA
43.5251,-123.311
43.2073,-123.5585
43.3029,-123.1611
43.3622,-122.1814
43.296,-122.5541
43.61538,-123.5036
44.7751,-118.7717
44.5385,-118.5908
44.9723,-118.3692
43.85975,-118.8215
45.3725,-121.5835
45.5666,-121.7745
NA,NA
45.5775,-121.6444
45.54478,-121.5449
NA,NA
NA,NA
45.49805,-121.8214
45.25725,-121.5684
45.274,-121.6796
45.63923,-121.8735
45.38736,-121.5134
42.4356,-122.2328
NA,NA
42.08845,-122.7465
NA,NA
42.2356,-123.0137
42.6,-122.475
42.12363,-122.339
44.42565,-121.726
NA,NA
42.375,-123.3833
42.02106,-123.2725
42.1533,-123.5381
42.16298,-123.6481
42.56805,-123.3322
NA,NA
NA,NA
42.09224,-123.4043
42.39031,-123.449
42.24165,-123.6416
42.0833,-123.3333
42.354,-123.4034
42.16024,-123.6216
42.22501,-123.75
42.125,-123.2916
NA,NA
42.8673,-122.1629
NA,NA
NA,NA
42.47,-122.275
43.08929,-122.0802
42.23865,-121.9446
42.36945,-121.3866
44.15568,-121.9531
43.9311,-124.1214
43.69005,-122.3755
44.09462,-123.3724
44.19167,-123.975
NA,NA
43.6947,-122.0449
43.7667,-123.455
44.27795,-121.9524
43.5883,-122.0833
43.6165,-122.1
43.6583,-122.8042
NA,NA
NA,NA
44.05917,-122.9343
43.85062,-122.7085
NA,NA
NA,NA
44.6616,-122.8494
44.4625,-121.9683
44.40946,-122.1322
NA,NA
44.8633,-122.6397
44.8623,-122.2728
45.03575,-122.7789
44.915,-122.585
NA,NA
44.79307,-122.5674
44.7679,-122.095
44.699,-122.1874
45.11259,-122.7875
45.5145,-122.3352
45.63893,-122.8889
45.65125,-121.9123
45.55364,-122.1884
45.4684,-122.2487
NA,NA
44.8458,-123.5834
44.86875,-123.4462
45.06215,-123.7027
45.07072,-123.6664
45.0487,-123.5792
45.0608,-123.694
NA,NA
45.145,-123.972
45.75449,-123.866
45.59669,-123.3768
45.5891,-123.5469
45.7351,-123.466
45.61308,-123.3973
NA,NA
45.59864,-123.6113
NA,NA
44.0639,-120.2782
43.2547,-124.0598
45.82565,-123.296
46.2262,-124.0133
NA,NA
NA,NA
44.68557,-118.0891
NA,NA
40.04755,-80.25645
NA,NA
NA,NA
41.70813,-77.99314
NA,NA
NA,NA
40.8495,-75.327
41.845,-77.7011
NA,NA
41.7655,-77.8768
41.94126,-77.62891
NA,NA
NA,NA
41.79985,-75.9799
41.50383,-75.23662
40.32247,-79.16817
NA,NA
40.5258,-79.6575
40.43163,-79.58031
NA,NA
45.0018,-117.2022
NA,NA
44.58335,-123.4166
44.6693,-123.2433
44.50455,-123.5524
45.4237,-122.3876
NA,NA
NA,NA
45.3894,-122.4163
NA,NA
45.0837,-122.4888
NA,NA
44.99745,-122.1647
45.33,-121.9165
44.9979,-122.1631
45.12545,-122.533
NA,NA
45.32301,-121.7115
45.03255,-122.4808
45.40023,-122.2777
44.97487,-122.3057
45.33175,-121.9139
45.3207,-121.9547
45.1867,-122.3803
44.9633,-122.4
44.95023,-122.2347
45.31061,-121.8388
NA,NA
NA,NA
NA,NA
45.1518,-122.1032
NA,NA
46.19945,-123.9513
NA,NA
45.99378,-123.9211
45.70835,-123.625
45.93701,-123.5417
46.03193,-123.4573
45.7492,-122.9546
45.85606,-123.1691
NA,NA
40.1,-124.2
43.54165,-123.875
NA,NA
43.1786,-124.3688
43,-124.43
43.27402,-123.9834
42.28445,-124.2148
42.6425,-124.0255
NA,NA
42.82,-124.53
42.4018,-124.426
42.07,-124.3
42.08,-124.3
NA,NA
41.115,-75.205
40.61798,-77.62407
41.21365,-80.26563
NA,NA
41.32501,-75.74288
NA,NA
39.72785,-76.2074
NA,NA
NA,NA
40.33498,-77.85934
NA,NA
NA,NA
NA,NA
41.47511,-79.3178
NA,NA
41.91826,-80.54177
NA,NA
NA,NA
NA,NA
NA,NA
NA,NA
40.05148,-79.56702
NA,NA
NA,NA
41.51954,-78.87955
NA,NA
NA,NA
NA,NA
40.60756,-79.20052
41.02176,-74.53322
NA,NA
NA,NA
NA,NA
NA,NA
41.4065,-76.804
41.9548,-78.65621
41.97226,-78.66863
NA,NA
41.73315,-78.93985
NA,NA
NA,NA
NA,NA
NA,NA
41.07374,-80.12229
41.05,-80.50751
NA,NA
NA,NA
NA,NA
41.01865,-78.377
NA,NA
39.73523,-76.04183
NA,NA
40.36382,-78.87788
NA,NA
NA,NA
NA,NA
40.50322,-80.19804
NA,NA
NA,NA
41.98067,-71.6568
41.81391,-71.74425
39.76366,-77.27178
NA,NA
NA,NA
NA,NA
NA,NA
40.357,-79.8765
40.29929,-79.8944
NA,NA
40.5833,-79.9167
40.52825,-80.25475
40.5278,-79.7668
40.6166,-80.0107
NA,NA
40.60946,-80.3293
NA,NA
40.4225,-75.06665
40.37726,-75.37814
40.1316,-74.85745
NA,NA
40.94997,-80.07443
40.92895,-80.07216
NA,NA
NA,NA
NA,NA
NA,NA
NA,NA
40.65083,-78.52589
40.29074,-78.85725
40.45896,-78.80971
41.34404,-78.04547
NA,NA
40.97015,-78.42314
NA,NA
41.12782,-78.5826
NA,NA
NA,NA
NA,NA
NA,NA
41.31268,-78.39445
NA,NA
NA,NA
35.148,-81.861
34.0431,-80.80685
34.52414,-82.38998
34.39092,-81.54448
NA,NA
NA,NA
33.72,-78.9211
NA,NA
NA,NA
34.421,-81.396
33.096,-80.316
34.08725,-79.1246
33.5155,-78.3829
NA,NA
34.53654,-81.70052
34.45025,-82.56786
35.01305,-82.7962
34.65375,-83.11639
NA,NA
NA,NA
NA,NA
36.86345,-79.65835
32.9032,-80.65645
34.59,-80.3891
34.9533,-81.56005
33.007,-80.156
NA,NA
32.29968,-80.95958
33.245,-81.359
34.35765,-82.82005
32.98597,-81.61264
43.35851,-102.3971
43.89875,-103.4966
NA,NA
44.38611,-103.6183
43.4471,-101.7312
43.37663,-99.1903
NA,NA
NA,NA
NA,NA
44.21694,-103.7742
32.37152,-80.44109
NA,NA
33.132,-79.884
33.0932,-79.8102
35.14947,-81.60892
32.825,-80.559
33.04536,-80.45451
34.374,-80.074
NA,NA
NA,NA
36.15588,-82.38587
35.5035,-89.91499
35.68449,-83.53575
36.3065,-84.34
NA,NA
NA,NA
NA,NA
35.5467,-85.02585
35.1013,-84.3046
35.545,-87.8084
36.26451,-89.25397
NA,NA
35.988,-86.5101
35.94778,-86.36485
NA,NA
35.64151,-83.47566
35.46865,-83.3626
35.4745,-83.3032
NA,NA
35.226,-89.94
36.42846,-82.31094
36.30155,-86.60155
36.5802,-86.5104
35.537,-89.63499
NA,NA
35.416,-89.7735
NA,NA
36.19746,-84.66167
NA,NA
35.3538,-84.0458
NA,NA
NA,NA
35.6753,-86.7074
35.40472,-84.05056
NA,NA
35.3218,-87.2932
NA,NA
NA,NA
35.94,-87.25375
35.80762,-88.30945
35.52335,-89.35205
36.36264,-82.98764
35.0055,-89.3808
36.38632,-83.21461
NA,NA
35.78439,-87.44963
35.0228,-87.2352
35.22149,-87.39061
35.10615,-86.46987
35.11417,-86.465
NA,NA
NA,NA
35.2597,-84.28315
NA,NA
NA,NA
36.105,-84.38335
35.30146,-85.07263
35.23036,-85.75014
36.0925,-82.3045
36.19408,-83.73153
35.1918,-86.9094
36.0165,-88.76775
36.39403,-84.85902
36.09583,-89.48666
NA,NA
36.0917,-86.9803
35.545,-85.0667
35.8606,-89.0912
NA,NA
36.1874,-87.0886
NA,NA
NA,NA
NA,NA
NA,NA
36.12292,-88.65445
NA,NA
35.97231,-84.88466
35.8823,-84.88694
NA,NA
36.1124,-87.4769
36.12318,-87.38542
36.02328,-89.17284
36.16488,-89.03873
35.20416,-87.19556
35.18597,-84.48414
35.5559,-84.0475
36.2635,-83.918
33.29083,-97.8375
34.31,-99.295
29.38333,-96.25
30.812,-95.75645
28.725,-97.06667
32.57306,-95.80556
32.58125,-94.86958
30.775,-94.41528
31.22333,-94.96611
30.38667,-98.08611
31.45417,-100.4161
31.44815,-100.4219
31.0232,-94.47903
32.31565,-95.48672
30.61667,-95.52722
30.75,-95.37666
30.52361,-95.58334
30.6,-95.63
29.17805,-96.29222
30.51559,-97.67403
30.77532,-97.93719
NA,NA
NA,NA
35.129,-84.8215
36.4583,-83.92841
NA,NA
33.16972,-99.18778
32.84,-97.445
30.566,-100.545
32.24271,-95.12872
30.43703,-95.12381
31.1659,-94.1679
31.56,-93.87194
31.87791,-94.89986
35.93985,-100.6767
33.64555,-95.16028
34.93243,-101.667
30.73861,-94.89778
30.71139,-94.70139
32.75,-97.75
32.1,-94.20695
32.8269,-98.3298
30.12615,-93.8117
32.85,-98.375
32.83333,-98.38333
32.817,-98.34489
32.04361,-94.37444
32.05806,-94.2
32.01083,-94.14306
32.7,-98.03333
32.78611,-97.83334
32.755,-98
32.675,-97.61
32.675,-97.61
32.64,-97.84
32.66908,-98.03284
31.27278,-102.6922
31.06278,-102.3881
30.71139,-94.58
30.66986,-94.66653
33.67056,-95.06667
33.66666,-95.27361
33.845,-95.19722
31.91708,-94.63458
32.27444,-94.965
32.35306,-94.90528
32.28944,-94.86833
32.33528,-94.7375
32.01667,-94.68333
31.86794,-94.95061
32.19417,-94.70779
NA,NA
30.63333,-95.3
30.475,-95.09167
30.55,-95.12305
30.46,-95.13
30.31363,-95.17966
30.3115,-95.3175
32.13972,-95.32
32.18333,-95.21667
32.51556,-95.41817
NA,NA
32.19202,-95.35257
32.675,-97.025
30.8,-93.7
31.33333,-94.33334
33.211,-94.0765
31.4771,-98.53998
28.8,-96.04472
33.45278,-101.5361
31.40444,-95.70861
30.40335,-97.2836
31.11611,-98.055
NA,NA
29.24665,-100.4104
32.15,-97.52499
32.17194,-97.54944
33.82722,-95.62861
33.82083,-95.83639
31.18523,-95.89323
30.302,-95.10654
30.26667,-94.85
30.26861,-94.79333
30.10305,-94.82
30.08333,-94.86667
29.88528,-94.83334
30.41667,-94.86667
30.01667,-94.85
30.40833,-95.00833
32.79338,-94.69412
28.97944,-96.01666
29,-95.5
30.23333,-95.60834
30.31667,-95.32
30.405,-95.36166
30.3343,-95.28653
30.52694,-95.71278
30.14378,-95.47556
30.54366,-95.77908
NA,NA
NA,NA
NA,NA
30.52897,-95.72607
NA,NA
NA,NA
33.03333,-94.72334
30.76667,-93.68333
30.72028,-93.61667
30.77722,-103.7439
30.41667,-93.94
33.13333,-98.35
32.94722,-96.10222
32.24083,-101.3903
31.35833,-95.48833
33.33,-95.54278
32.53333,-98.05
NA,NA
32.16139,-95.6
36,-100.5
30.19144,-94.32404
29.385,-97.81083
32.4125,-94.81806
33.75556,-96.53
33.69,-96.84806
33.71472,-96.78917
33.81435,-96.76199
33.825,-96.6075
32.51667,-94.9
29.30877,-97.47971
32.68,-94.3
32.68945,-94.59222
32.8,-94.16666
32.62389,-94.52
32.62194,-94.2
32.65,-94.37361
32.58333,-94.15
32.475,-97.815
30.95972,-95.58334
31.50773,-95.20691
31.1683,-95.59745
31.55668,-95.38226
33.19944,-96.00306
33.25,-95.84
33.2,-96.17
33.2,-98.4
33.275,-98.325
33.375,-98.3
29.02611,-96.71
30.83315,-93.972
30.43444,-93.89
30.33778,-93.97194
30.7114,-94.04529
31.05591,-94.20776
29.32862,-97.77225
31.87333,-96.2
33.34139,-95.24917
33.46333,-95.8775
32.04417,-98.09234
32.5175,-96.80417
32.375,-98.68
33.62167,-100.8361
33.33614,-97.02299
33.48,-95.76861
29.57444,-98.03083
31.84167,-100.5167
33.675,-98.225
31.82347,-95.37101
31.90791,-95.01264
33.18528,-94.25556
33.05685,-94.52925
33.01,-94.44
32.9,-94.6
33.07639,-94.25694
33.09625,-94.32139
NA,NA
33.17162,-94.14799
33.2784,-94.12258
34.03789,-94.32321
34.125,-98.105
29.79893,-98.15556
29.52533,-98.15854
33.48028,-97.04361
33.81861,-96.96333
33.77528,-97.05903
31.37756,-97.59946
33.24722,-95.77
33.26222,-95.82056
33.27303,-97.03784
33.25,-97.05
33.04,-97.18
32.26889,-96.69583
32.36,-96.66
32.375,-96.63
33.59,-96.27306
33.61666,-95.90694
33.79094,-95.92831
NA,NA
33.445,-96.05
33.36867,-95.23958
31.93425,-96.12524
30.33333,-96.55
33.37917,-94.11611
32.15,-97.5
29.56835,-98.68465
31.30853,-94.76362
31.6212,-95.6669
37.182,-113.7382
40.028,-110.9315
40.5,-109.9
NA,NA
38.8204,-111.6631
39.48,-111.23
37.75705,-109.3125
40.60779,-111.6508
NA,NA
40.4871,-112.1402
38.54144,-112.0729
40.77988,-110.9325
NA,NA
40.825,-110.825
40.92128,-111.0837
NA,NA
40.98583,-110.3961
40.65,-110
40.75,-109.575
40.25622,-111.6068
40.3857,-111.6992
40.34937,-111.6956
40.26705,-111.5986
40.42,-111.63
40.0445,-111.5447
31.78333,-95.68333
NA,NA
31.2371,-94.45095
29.26258,-98.56143
33.28333,-94.35722
30.525,-96.59167
30.55738,-96.42506
NA,NA
40.9744,-111.8189
NA,NA
37.8058,-111.3481
39.64175,-111.2186
40.61087,-110.8139
40.915,-109.725
NA,NA
41.43135,-111.4988
NA,NA
NA,NA
36.76377,-81.9107
38.9593,-78.02081
36.7586,-76.0418
NA,NA
37.1694,-76.77447
37.12985,-76.82308
38.98773,-78.20517
38.89625,-78.1268
NA,NA
38.225,-112.35
41.6359,-111.6149
41.5343,-111.5281
41.96181,-111.5333
41.49955,-111.6348
41.7086,-112.0179
40.9,-109.75
40.86765,-109.5143
NA,NA
40.91689,-111.8038
40.61125,-110.3583
40.60353,-110.8055
NA,NA
39.58375,-111.1339
38,-112.5
NA,NA
40.9,-111.625
38.48342,-77.34673
36.73225,-81.62195
38.73048,-78.33453
36.8778,-82.4179
38.54602,-79.16096
37.75926,-79.5912
37.2423,-80.13276
38.52019,-77.36115
37.248,-77.354
36.5587,-79.36079
37.047,-77.90815
37.02759,-80.38748
37.72693,-76.6658
36.63931,-78.55758
38.02516,-77.97089
39.14588,-77.67422
37.15814,-80.36054
37.047,-77.90815
38.61792,-77.52767
NA,NA
37.29734,-79.85085
38.56546,-79.14478
38.36885,-78.5367
38.58125,-79.14795
38.57716,-79.11095
38.51591,-79.02109
NA,NA
NA,NA
38.9766,-78.6205
38.90323,-78.48832
36.84531,-81.39125
37.33226,-76.70926
38.44714,-79.65548
NA,NA
36.589,-79.1345
38.36911,-78.53718
36.62492,-81.48593
37.3557,-80.5378
36.94165,-80.04166
36.9846,-80.3755
37.17433,-82.39963
37.44378,-77.6257
36.5884,-76.28729
36.74465,-80.98215
38.0735,-77.2265
36.91355,-77.95074
37.047,-77.90815
36.745,-80.48
36.6765,-76.364
38.741,-77.23238
38.70819,-77.17868
38.80319,-77.34879
37.06266,-79.82829
37.01115,-79.908
37.12815,-79.8871
37.29854,-80.82856
37.41095,-80.6275
35.8525,-80.6585
37.54,-79.57
38.05408,-79.77946
38.3331,-79.35755
37.53434,-79.49707
37.303,-78.193
37.92735,-75.6561
42.86222,-72.60887
NA,NA
NA,NA
NA,NA
NA,NA
43.1635,-73.0723
46.35639,-123.6081
46.94917,-122.6869
46.803,-122.4133
46.803,-122.4133
46.803,-122.4133
46.985,-122.7669
46.9363,-122.7607
46.94445,-122.6893
46.94913,-122.6869
46.96515,-122.69
46.8434,-123.2383
46.86044,-122.7043
46.78571,-122.7515
NA,NA
46.33425,-123.5439
46.0675,-118.0519
46.03333,-117.9486
46.0675,-118.0519
46.03944,-118.0711
46.0573,-117.9793
48.78056,-122.1483
48.8178,-122.1656
48.68985,-122.4078
48.72917,-121.6278
48.86,-121.6738
48.9294,-122.0247
48.92928,-122.2638
48.5149,-121.2543
48.53944,-121.745
48.76075,-122.2156
48.78336,-122.2196
48.9058,-121.6967
48.66175,-121.3685
NA,NA
48.43505,-121.3455
48.90147,-122.3347
48.84984,-122.1455
48.92982,-122.2018
NA,NA
NA,NA
37.585,-79.052
37.9808,-78.9279
37.38661,-79.55045
37.64224,-79.79759
48.74111,-117.4161
46.31401,-124.0273
47.4549,-122.2825
47.72142,-124.3985
47.71782,-123.0533
47.7079,-122.9179
47.6653,-122.9714
47.49367,-123.8859
48.00503,-122.911
47.7442,-122.8994
47.57778,-124.2933
47.4645,-123.8979
47.9237,-122.8531
47.94056,-122.7919
48.09725,-122.8241
47.8306,-123.2135
47.5532,-124.3324
47.86028,-123.9364
47.86697,-123.8796
48.03632,-122.9539
47.61922,-123.1592
47.67304,-122.941
47.82243,-124.195
47.89745,-122.8345
47.7117,-121.1544
47.5225,-121.7569
47.29944,-122.1806
47.75034,-122.1979
47.40667,-122.0375
47.6181,-121.3114
47.425,-121.4142
47.5103,-122.0456
47.425,-121.4317
47.2831,-121.9258
47.39,-122.2187
47.1826,-121.7713
47.48176,-121.6548
47.57576,-121.7427
47.288,-121.9658
47.41,-121.725
47.1998,-121.7565
47.4317,-121.7731
47.3958,-121.5356
47.6068,-121.9008
47.1608,-121.6594
47.43534,-121.7666
47.275,-122.195
47.13485,-121.9418
NA,NA
47.46312,-121.4454
NA,NA
47.40245,-121.5633
47.4352,-121.7812
47.7393,-121.9749
47.55477,-121.5354
47.71167,-121.1544
47.6597,-122.105
47.6633,-122.1253
47.09762,-122.5368
NA,NA
47.70178,-121.1859
NA,NA
47.34072,-122.0775
47.49488,-121.7555
47.6016,-121.6785
47.7613,-122.7063
47.5279,-122.3454
47.79,-122.54
47.78212,-122.528
NA,NA
NA,NA
47.763,-122.5344
NA,NA
47.7504,-122.535
47.74897,-122.4966
47.74225,-122.5377
47.45411,-122.3219
47.4506,-122.3234
47.77293,-122.5552
47.52877,-122.7197
47.3338,-121.2309
47.19944,-120.2758
46.98333,-121.0922
44.83931,-120.5688
47.14472,-120.7967
47.25722,-120.8908
46.97944,-121.0939
47.47745,-121.0415
47.3178,-121.2802
47.33515,-121.4044
47.2842,-121.0777
47.3991,-121.1008
NA,NA
NA,NA
NA,NA
47.1902,-120.9783
47.20113,-121.0161
47.41704,-121.1417
47.38253,-121.2636
NA,NA
47.18806,-120.554
47.21551,-120.9383
47.34432,-120.9477
45.96384,-121.6095
45.81611,-121.5708
46.01665,-121.6669
45.75806,-121.2303
45.91694,-121.5825
45.9358,-120.9855
45.88039,-121.1692
45.96112,-121.6314
45.99935,-121.4821
45.86883,-121.4813
45.77766,-121.5189
46.49139,-122.9367
46.6711,-121.5863
46.67389,-121.5867
46.63477,-122.7746
46.50105,-122.8722
46.55139,-121.4625
46.09035,-121.9313
46.71,-122.3442
46.5347,-122.4275
46.7002,-122.1983
46.5579,-122.2988
46.46447,-121.5314
46.48441,-121.936
46.55861,-122.2739
46.5672,-122.2963
46.55354,-122.2842
46.6622,-122.9627
46.67111,-121.5863
46.50835,-123.0235
46.5347,-122.4275
46.5256,-122.0252
46.7225,-121.6606
46.52352,-122.3045
46.63153,-123.2349
46.44165,-122.3416
45.4549,-122.1761
NA,NA
46.14853,-121.5775
46.60207,-123.3749
46.50511,-122.9316
46.39019,-122.0303
46.51479,-122.6361
46.49406,-122.5319
46.6979,-121.5094
NA,NA
46.68102,-121.6014
46.59632,-122.5308
46.53686,-122.202
46.64191,-122.4607
46.47816,-121.9103
NA,NA
NA,NA
NA,NA
NA,NA
46.4125,-122.182
46.71444,-121.5406
46.76017,-122.9896
47.9093,-118.9505
47.1305,-123.0966
47.5958,-123.1208
NA,NA
47.4028,-123.2022
47.5616,-123.1967
47.27667,-122.8858
47.3542,-123.2334
47.2641,-123.1583
47.41184,-123.3212
47.2055,-123.3958
47.23194,-122.885
47.2293,-123.4898
47.28069,-122.8833
47.396,-123.1976
47.3978,-123.2008
47.49865,-123.2182
47.28435,-122.8665
47.46872,-123.2259
47.41995,-123.2005
47.29435,-123.1267
47.12015,-123.0865
47.57132,-123.1586
48.9651,-120.5949
48.40859,-119.0709
48.36361,-120.1211
48.9138,-119.7023
48.95835,-119.7084
48.61972,-120.1075
48.59694,-120.5122
48.40611,-118.9844
NA,NA
NA,NA
48.45809,-120.1611
48.32956,-119.187
48.45809,-120.1611
48.32956,-119.187
48.71545,-119.0802
48.3912,-119.7595
48.94655,-119.5423
48.9588,-119.7085
48.57028,-119.8345
48.6584,-119.8428
NA,NA
48.57806,-119.6985
48.44425,-119.9417
48.64385,-119.182
48.64185,-120.502
46.35099,-123.6886
46.7818,-123.8793
46.71103,-123.4013
46.4205,-123.8165
NA,NA
48.66611,-117.4694
48.65083,-117.3347
48.75528,-117.4214
48.83558,-117.2776
48.79056,-117.2833
48.86479,-117.3672
NA,NA
48.49398,-117.0579
48.65397,-117.3349
NA,NA
46.951,-122.2985
NA,NA
47.0849,-122.5926
47.18556,-122.2917
47.1772,-122.1852
47.2416,-122.1833
47.17295,-122.2214
46.98578,-122.6997
47.0945,-122.0874
47.0577,-122.4643
47.05472,-121.8211
47.3704,-122.782
47.15556,-122.4328
46.79955,-122.2738
46.74551,-121.8221
47.0183,-121.5344
47.14385,-122.3055
47.1787,-122.2484
47.10637,-122.5958
46.75468,-122.1183
46.88234,-122.4331
46.71833,-122.1767
46.766,-122.1652
47.147,-122.6028
46.67816,-121.5763
47.0466,-121.51
47.01278,-121.4642
47.3724,-122.5819
46.9974,-122.1694
46.958,-122.6755
47.01278,-121.4642
47.0958,-122.2356
47.1144,-121.4844
47.32944,-122.5789
47.00444,-122.5386
47.0044,-122.5386
47.0274,-122.3003
46.9382,-122.382
47.01562,-122.0282
47.09685,-121.45
47.0586,-122.2864
47.0019,-121.6279
47.16145,-121.8943
47.0228,-121.5497
NA,NA
46.75861,-122.0297
NA,NA
46.84565,-122.3076
46.74621,-122.0467
47.12045,-121.5298
47.00008,-121.9563
46.99857,-121.6321
46.878,-122.3574
46.81398,-122.0571
NA,NA
NA,NA
46.84748,-122.2719
46.75225,-122.0566
46.97441,-122.6317
NA,NA
46.75953,-122.0246
47.09982,-122.6246
47.05072,-122.4212
47.04433,-121.4234
47.064,-122.3482
47.06045,-122.157
46.77641,-121.9557
47.1352,-122.0669
47.03189,-122.3677
46.86113,-122.2669
47.34805,-122.741
47.172,-122.1625
47.07405,-122.4428
47.1862,-122.1054
NA,NA
47.2255,-121.805
46.9805,-121.7464
46.8683,-122.3874
48.52395,-121.4105
48.35552,-121.8668
48.36861,-122.2778
48.64056,-121.8053
NA,NA
43.74251,-121.6009
48.37697,-121.8281
48.308,-122.215
48.32675,-121.6962
NA,NA
48.58177,-120.8032
48.48157,-122.1845
48.56245,-121.8588
45.75056,-121.6508
46.385,-122.1379
45.66194,-122.0144
46.3341,-121.7913
46.27583,-122.2083
45.74639,-122.2375
45.62778,-122.0194
45.69833,-121.7753
45.63921,-121.9883
46.04722,-122.1914
46.295,-121.5478
46.0189,-121.7476
46.0803,-121.7512
45.94002,-121.7582
46.15194,-122.1572
46.17861,-122.0514
46.10444,-122.015
46.1036,-121.7944
46.3105,-122.028
46.08515,-121.7064
NA,NA
46.10861,-122.1283
46.1333,-121.8
45.9667,-121.6667
45.8083,-121.9063
46.0969,-121.9191
46.21583,-121.9192
NA,NA
46.3751,-122.1301
NA,NA
46.3105,-121.9256
46.05,-121.95
45.723,-121.8864
46.13795,-122.3291
45.74715,-122.2339
46.40153,-121.8738
45.9216,-121.718
45.96578,-121.7576
45.83632,-121.921
NA,NA
NA,NA
46.33448,-122.0504
45.80191,-121.9223
45.75957,-121.6267
45.74796,-122.2389
45.967,-121.6625
NA,NA
46.13657,-122.1692
45.96282,-121.7346
48.2475,-121.9425
48.0835,-121.9683
48.2775,-121.8078
48.02611,-121.6406
48.07834,-121.7363
48.2688,-121.705
48.21167,-121.6769
48.1278,-121.7692
48.11556,-122.0958
48.2681,-121.3314
48.1472,-121.3819
48.93228,-121.9995
47.9817,-122.0447
48.09853,-121.8135
47.8925,-122.0111
47.8573,-121.6352
47.8895,-121.8134
47.79111,-122.1914
47.7853,-121.6647
48.1864,-122.2612
48.0744,-121.7915
48.0028,-121.9572
47.85556,-121.9697
47.97205,-121.4008
47.8901,-121.3676
47.8465,-122.1357
47.87725,-121.8943
48.21095,-122.0262
48.11509,-121.9677
47.485,-121.5287
47.79222,-121.1958
NA,NA
48.22336,-121.5777
47.86405,-121.6738
48.105,-121.905
48.13025,-121.851
48.02073,-121.3552
47.7925,-122.1676
48.10255,-122.2763
47.90079,-121.6692
48.03114,-121.6708
NA,NA
48.04725,-121.4469
48.05305,-121.429
48.11308,-122.1375
NA,NA
48.10892,-121.5186
48.27656,-122.2138
47.82636,-121.1057
48.13261,-121.3539
48.1917,-121.5757
47.92528,-117.1153
47.62769,-117.3606
47.5505,-117.167
47.73081,-117.159
47.75026,-117.5152
47.74207,-117.5302
48.78389,-117.8106
48.65528,-117.7619
48.36624,-117.9368
47.981,-117.6454
48.15997,-118.0387
48.80483,-117.5853
48.03062,-117.5429
48.18676,-118.0076
47.96136,-118.1611
48.2914,-117.4546
48.57989,-117.5888
47.97637,-117.7324
48.93221,-118.609
47.495,-120.835
46.23361,-119.3172
45.9555,-89.7384
44.4049,-91.3171
45.1097,-92.4573
44.8491,-88.51969
46.10445,-91.49319
45.95919,-91.30911
NA,NA
46.09433,-91.16428
46.0484,-89.66195
NA,NA
45.941,-89.21035
46.1675,-89.3381
46.08392,-89.91314
43.251,-88.3245
43.21667,-88.31644
43.26699,-88.29105
43.1575,-88.1255
42.97569,-88.44846
NA,NA
47.8498,-120.9591
47.4644,-120.6705
48.19984,-120.7744
47.29833,-120.3
47.4822,-120.319
47.775,-120.715
NA,NA
47.35305,-120.2955
47.8323,-120.718
47.2637,-120.2238
NA,NA
47.74435,-120.7426
48.19923,-120.7772
48.31199,-120.6599
NA,NA
47.83843,-120.55
47.85691,-120.6502
48.50999,-120.793
47.72298,-120.7219
47.77559,-120.8206
47.64581,-120.607
47.79538,-120.6295
47.76061,-120.6681
47.93722,-123.82
47.969,-123.582
48.0985,-123.3261
48.08955,-123.3678
48.1609,-124.7312
48.0281,-123.5864
47.9261,-123.3769
48.08025,-123.7108
48.1368,-123.7349
47.9477,-124.5301
NA,NA
48.27646,-124.6802
47.94485,-123.5436
47.94001,-124.3863
48.11949,-124.5989
45.7811,-122.5322
45.69,-122.3353
45.8581,-122.4089
45.8911,-122.4076
45.90052,-122.3898
45.8331,-122.3985
45.77225,-122.3445
46.37944,-117.9458
46.48917,-117.9592
46.33333,-117.6767
46.1911,-123.1875
46.37,-122.82
46.06333,-122.1967
46.48508,-122.7372
46.1903,-123.1175
46.05333,-122.6228
46.20128,-122.9329
46.43362,-121.8326
46.0471,-122.8294
46.3261,-122.4988
46.3758,-122.5855
46.19328,-167.131
46.364,-122.5935
46.2965,-122.3431
46.11887,-122.1931
46.38448,-122.5572
46.32793,-122.4349
46.1725,-121.9305
48.95876,-118.4102
NA,NA
48.7844,-118.5545
48.51673,-118.5905
48.60844,-118.4379
48.6254,-118.4262
NA,NA
NA,NA
47.0033,-123.4822
47.4259,-123.8763
46.9705,-123.6288
47.00625,-123.2902
47.33694,-123.5894
46.94102,-123.7727
46.9782,-123.3893
47.01139,-123.6619
47.41306,-123.8792
47.2475,-123.8886
46.81045,-124.072
47.0413,-124.053
NA,NA
47.2838,-124.2306
47.08824,-123.7194
47.3631,-123.9718
NA,NA
46.988,-123.8647
46.93755,-123.8358
46.92694,-124.1736
46.98621,-123.8161
NA,NA
NA,NA
46.98278,-123.1742
NA,NA
47.2331,-123.9878
47.50319,-123.8343
46.96189,-124.1692
46.82742,-123.7095
47.19006,-124.199
NA,NA
47.0562,-124.0556
46.96114,-124.1526
NA,NA
47.0709,-124.166
47.44,-123.7635
46.94365,-123.3173
NA,NA
48.247,-122.6916
48.39936,-122.645
48.17107,-122.5089
45.78177,-90.51659
45.38867,-92.66538
NA,NA
42.86631,-87.84023
45.02176,-88.5233
43.8708,-89.18135
45.02046,-87.73608
45.0902,-89.9905
45.22849,-89.67523
45.5051,-89.16425
44.3801,-90.7221
NA,NA
43.06171,-90.1687
NA,NA
43.13145,-90.2787
42.82445,-90.24295
43.98694,-91.33662
45.05855,-89.08323
45.0255,-89.02036
43.89418,-87.94178
45.3865,-87.9604
45.05592,-87.63705
45.33418,-88.16359
45.43522,-88.12464
45.15,-87.6779
45.64867,-88.03413
45.64585,-88.0896
NA,NA
42.51519,-87.52243
NA,NA
45.89832,-89.6965
NA,NA
45.7264,-89.8741
45.87116,-89.66046
45.63092,-90.02283
45.94371,-90.35122
45.7743,-90.51145
45.775,-90.444
45.94,-90.46
45.73271,-90.42001
45.672,-90.43515
45.90015,-90.43416
45.56326,-88.7829
45.95359,-88.38782
44.75668,-92.03925
44.69867,-87.49564
43.425,-88.68
42.9633,-89.66375
43.1573,-90.7109
NA,NA
46.59847,-90.90444
43.85809,-89.81407
39.6723,-80.5621
38.312,-80.429
38.35806,-82.43855
38.12764,-82.59822
38.35727,-82.59348
38.3248,-82.4438
38.16391,-82.28279
45.58858,-91.59938
45.5258,-91.87774
45.5,-91.71295
45.63061,-92.12408
46.6425,-91.1713
46.42085,-91.2421
46.67915,-90.86665
46.25961,-91.10812
NA,NA
45.776,-92.683
46.05229,-92.30575
44.6543,-90.0411
44.4723,-90.7167
42.95915,-89.6816
43.0625,-89.3179
38.98,-80.27
39.61958,-81.14833
NA,NA
37.6541,-80.7582
39.21833,-81.16211
38.6685,-80.03149
37.80531,-81.14714
39.6995,-79.5375
38.1882,-80.1177
38.788,-79.495
40.1333,-80.68192
37.50965,-80.64685
39.6716,-79.9442
39.335,-78.94501
37.445,-80.17
37.2875,-81.68124
37.46292,-81.60155
37.515,-81.8
37.34592,-81.8074
37.32091,-81.1271
39.26188,-79.01405
NA,NA
38.32548,-80.60419
38.27832,-80.51534
38.33109,-80.51374
38.2845,-80.6385
NA,NA
38.7016,-79.52835
38.87813,-79.3434
38.90203,-79.33517
38.8554,-79.3999
38.44367,-79.1347
38.6934,-79.5653
38.835,-79.3762
38.8409,-79.4016
38.835,-79.3686
38.8926,-79.47325
38.57502,-79.18524
38.52026,-79.33413
38.6492,-79.26241
38.7084,-79.7802
38.20065,-80.17294
38.10785,-80.19044
38.10833,-80.17528
38.712,-79.7773
38.7201,-79.7927
38.18933,-80.2522
37.7,-81.095
37.6665,-81.1447
NA,NA
38.95242,-79.42547
38.9706,-79.4123
38.8609,-79.55928
39.9433,-79.665
38.8762,-79.95695
38.55,-79.98
38.93027,-79.68047
NA,NA
38.9695,-79.7625
39.355,-80.915
37.7929,-80.9075
39.0417,-79.43762
39.06881,-79.32608
39.10023,-79.4593
39.51,-80.985
38.8448,-82.0849
39.52122,-80.37878
37.75415,-82.0029
38.10263,-81.8075
38.2383,-81.5722
39.01972,-81.85806
39.1611,-80.23375
39.5226,-78.49429
37.5313,-80.01335
38,-81
38.7365,-81.0321
38.5464,-82.25949
40.29,-80.585
38.2128,-81.70641
39.5392,-77.9407
39.05,-79.98335
39.03496,-79.95418
39.51256,-78.05424
38.38096,-82.52633
38.46118,-82.07358
38.0695,-81.08506
37.603,-81.2625
37.9937,-80.3616
37.9208,-80.71875
NA,NA
NA,NA
38.12852,-80.6754
38.8317,-81.5784
38.2639,-81.4625
39.54114,-80.11329
41.25,-111.05
NA,NA
NA,NA
NA,NA
44.58333,-110.5
NA,NA
NA,NA
42.9919,-108.9245
44.4165,-104.1665
NA,NA
39.592,-119.975
NA,NA
43.41549,-72.33093
42.15685,-96.34203
48.25422,-101.3166
47.72964,-102.701
47.71188,-101.8886
47.63297,-102.7291
41.2333,-96.42668
41.134,-95.88
40.64043,-97.13196
40.84792,-96.6824
42.76609,-97.97573
41.55099,-98.22576
NA,NA
40.1399,-96.7432
40.76345,-75.11044
40.8192,-74.85561
NA,NA
40.89452,-74.79077
36.599,-105.4113
36.19625,-105.5596
NA,NA
36.65339,-105.9678
39.679,-119.6665
39.679,-119.6665
41.238,-95.92
42.5893,-103.398
42.47356,-96.46025
42.87331,-100.5501
43.45844,-71.07906
43.05,-70.93333
NA,NA
NA,NA
NA,NA
NA,NA
40.7446,-74.6215
39.632,-75.5167
41.06945,-74.15562
NA,NA
NA,NA
NA,NA
39.7384,-74.2975
39.934,-74.3966
40.053,-74.1301
39.98216,-74.36187
39.94853,-74.42721
41.08335,-74.321
41.1445,-74.29085
39.70852,-75.38251
40.45815,-74.77675
41.2145,-74.5995
41.13498,-74.80315
NA,NA
41.29596,-74.68832
41.30566,-74.6854
40.99567,-74.78004
41.14652,-74.59959
NA,NA
NA,NA
NA,NA
41.29453,-74.68758
41.16033,-74.86777
41.17838,-74.52625
41.27412,-74.64189
44.79969,-71.1794
NA,NA
NA,NA
42.78378,-71.77646
43.11074,-71.35414
43.28556,-71.46778
NA,NA
42.69657,-103.0044
42.71425,-103.018
NA,NA
40.18113,-74.09944
NA,NA
40.18478,-74.72261
NA,NA
40.8959,-74.2918
NA,NA
39.88078,-74.53293
33.82819,-106.9285
NA,NA
35.52162,-105.2526
NA,NA
36.4178,-107.1612
NA,NA
35.63736,-108.8676
NA,NA
35.58565,-107.9978
35.37201,-108.2034
36.0605,-108.84
NA,NA
NA,NA
33.27735,-105.7395
NA,NA
33.2516,-105.7197
NA,NA
33.15405,-105.7947
NA,NA
33.27094,-105.7338
35.98475,-106.8803
NA,NA
36.7474,-107.6021
36.72065,-107.3956
36.91475,-106.9958
36.095,-106.9571
36.90237,-106.5784
NA,NA
36.81315,-108.7608
36.126,-108.87
36.39135,-109.0612
36.14505,-108.8548
36.39135,-109.0612
36.08089,-108.892
NA,NA
NA,NA
NA,NA
39.60835,-74.43445
40.16465,-74.68135
39.652,-74.6298
39.7962,-74.3749
39.8234,-74.70135
NA,NA
NA,NA
NA,NA
39.69191,-74.55341
39.71742,-74.72394
39.7784,-74.54086
NA,NA
39.22348,-74.69759
NA,NA
40.77545,-74.3516
40.60667,-74.84528
40.478,-74.4611
NA,NA
40.9934,-74.3249
40.9575,-74.45995
40.9427,-74.46155
40.93552,-74.49518
41.01941,-74.57013
NA,NA
NA,NA
NA,NA
42.4829,-110.5979
42.4914,-110.9967
44.49817,-109.6824
44.50132,-110.0042
44.45584,-109.7935
44.48134,-109.5113
NA,NA
NA,NA
36.9934,-104.4801
39.29056,-119.6564
40.52737,-118.1806
37.8583,-118.325
39.00056,-119.8458
44.49817,-109.6429
46.79165,-110.4165
46.79165,-110.4165
NA,NA
NA,NA
NA,NA
41.2,-110.5
35.74875,-82.26195
45.31278,-109.6449
34.60905,-88.19894
37.46041,-92.63587
NA,NA
44.16985,-85.63835
NA,NA
NA,NA
42.6688,-71.9023
32.895,-93.45
36.8817,-84.0821
39.3985,-94.4955
40.7219,-85.5045
40.65639,-89.04518
44.91666,-116.0833
32.89526,-83.06994
42.55576,-96.47562
42.50817,-96.40213
45.08334,-115.75
44.58335,-116.0834
44.9166,-116.4873
NA,NA
44.75,-115.9167
45.08334,-115.75
NA,NA
44.41666,-115.5833
45.16792,-115.8405
44.95277,-116.0542
44.64824,-115.6803
44.66862,-116.1155
39.8595,-94.54
32.45763,-93.36627
32.4197,-93.4386
42.01496,-71.58914
42.54334,-71.80123
NA,NA
42.08363,-71.83971
NA,NA
43.6676,-70.6235
43.2045,-70.81187
44.50587,-85.51546
44.45835,-85.6667
NA,NA
37.46392,-92.52242
34.735,-88.26655
35.75278,-82.22121
34.48287,-84.5136
31.46641,-81.64665
34.66029,-85.39171
32.80865,-84.25755
34.84161,-83.94456
32.96854,-85.02602
31.8792,-81.88475
32.0321,-84.43484
34.6423,-83.4192
NA,NA
31.71434,-84.60457
34.74775,-83.48067
33.9844,-85.3582
34.39965,-84.383
NA,NA
34.05198,-85.16238
33.95003,-85.35133
34.94325,-83.18237
34.8804,-83.31311
33.4119,-82.13665
33.3646,-82.24471
32.0538,-85.0409
31.9621,-81.88995
NA,NA
34.6527,-84.0354
34.66005,-85.4034
34.77525,-85.3297
34.69895,-85.34145
34.62689,-85.42266
34.64145,-83.80404
34.78035,-83.78375
34.7673,-83.77811
34.672,-83.714
34.7064,-83.8329
34.68319,-83.69085
34.66255,-83.76585
NA,NA
34.70107,-83.6746
34.66467,-83.71705
34.03528,-84.83903
34.8155,-84.58501
32.2462,-84.08932
31.55762,-81.47213
33.89761,-82.4975
32.0391,-81.436
31.43265,-84.1293
31.0614,-83.07575
NA,NA
33.09184,-83.69681
33.46372,-83.61285
33.26885,-85.12705
33.81461,-85.15337
34.36153,-83.87177
34.71425,-83.62215
33.97005,-84.20175
34.4447,-83.59509
34.70157,-83.45181
34.37537,-83.77232
33.81871,-85.10207
31.62608,-84.16016
31.9853,-81.61756
31.82345,-81.73075
NA,NA
NA,NA
34.8983,-84.6216
34.8243,-84.72352
33.80785,-84.78979
33.796,-84.79601
33.81283,-84.80283
33.81029,-84.97515
34.06787,-84.79704
33.94979,-84.82338
NA,NA
33.91604,-85.01929
31.08925,-81.41267
34.81182,-84.3453
33.70037,-84.53352
34.4826,-85.10299
33.49565,-84.5317
32.34705,-82.2464
34.06705,-82.86789
32.13781,-81.34159
34,-85
31.30062,-84.02254
32.30676,-83.16122
30.79456,-84.78122
34.42654,-85.31646
31.85605,-83.57655
33.48295,-84.7681
NA,NA
33.2706,-84.73555
34.72292,-85.54543
32.39858,-82.30919
32.38575,-82.24886
32.74985,-82.24796
34.70435,-84.2269
33.37111,-84.508
34.17521,-85.18678
NA,NA
34.17769,-85.19659
31.18562,-83.66153
34.0474,-84.68864
30.83105,-82.6386
33.32442,-84.2532
34.36725,-84.57616
NA,NA
31.98125,-80.89485
33.5388,-84.869
33.34677,-83.90588
32.5754,-81.78378
31.2439,-82.1341
32.86288,-83.55708
31.24842,-83.13654
34.1226,-84.7038
34.1088,-84.6971
34.1318,-84.73846
NA,NA
31.08012,-83.16414
31.17384,-83.26071
30.67,-83.412
34.28745,-84.59345
34.1962,-84.50055
NA,NA
34.31955,-84.48006
34.17351,-84.46456
31.2137,-82.77173
NA,NA
41.47445,-91.74585
41.52387,-93.4371
42.23576,-94.91264
41.48453,-96.01464
NA,NA
41.02174,-92.73979
41.3675,-92.9008
41.461,-94.045
40.4415,-91.4261
NA,NA
41.76292,-91.59415
NA,NA
NA,NA
40.995,-91.75205
41.7822,-91.57033
NA,NA
NA,NA
41.62183,-93.63804
41.65225,-90.59601
41.76392,-90.55585
NA,NA
NA,NA
43.32922,-92.06343
31.30952,-82.74675
31.35289,-83.08486
NA,NA
42.0152,-94.3677
40.66972,-95.68422
42.73854,-93.22192
43.17215,-92.76577
42.7525,-91.8043
43.47104,-95.12505
40.8348,-93.85965
43.078,-91.3867
43.19481,-92.15997
42.28422,-91.68192
42.10722,-94.01338
NA,NA
42.03477,-93.92304
42.51633,-91.96428
43.00499,-91.17154
41.59377,-93.974
NA,NA
40.59604,-93.77783
40.8348,-93.85965
42.4104,-90.66615
42.55997,-90.76557
42.50969,-90.84215
42.33531,-90.93558
45.8618,-91.75641
42.47806,-93.82007
42.9074,-94.3841
42.8674,-94.356
42.72063,-94.22206
42.6766,-94.20245
47.6835,-116.211
42.79166,-116.25
42.10072,-112.2149
43.61015,-111.4418
NA,NA
47.70965,-116.9266
46.2404,-115.2088
43.71597,-115.3929
44.25028,-114.7503
NA,NA
44.2548,-112.6467
NA,NA
NA,NA
NA,NA
43.41005,-111.7899
43.4082,-114.8281
42.21834,-114.2634
44.0925,-112.455
44.0555,-112.9954
44.41131,-112.2873
46.94,-115.586
NA,NA
46.75905,-115.8545
NA,NA
44.14765,-114.9221
43.79615,-113.8441
44.62801,-115.2019
46.19614,-141.006
45.62681,-115.9501
NA,NA
NA,NA
47.85001,-116.6079
47.96905,-116.5499
47.61947,-116.9945
NA,NA
NA,NA
46.8102,-116.8368
46.97822,-116.923
46.75473,-116.4292
NA,NA
NA,NA
44.9625,-114.655
45.2704,-113.8186
43.86739,-111.8617
45.9978,-116.9156
NA,NA
47.509,-115.9965
NA,NA
47.02242,-116.0518
47.61893,-116.2617
47.19253,-116.0776
47.23444,-115.6292
47.5405,-115.947
47.95614,-116.7787
44.14555,-115.3106
NA,NA
47.0615,-116.322
NA,NA
NA,NA
42.1846,-89.022
41.40762,-87.60593
41.6,-90.1
NA,NA
38.33912,-89.35323
40.9474,-90.4429
38.37945,-87.79079
38.354,-87.8572
40.1527,-87.7424
40.09169,-87.71541
NA,NA
NA,NA
38.27372,-89.21439
37.9308,-88.362
41.7584,-90.0795
41.7798,-89.689
41.73534,-90.22054
41.72264,-89.80784
41.71918,-89.91718
41.34693,-88.23882
37.846,-89.0111
37.72735,-88.9487
37.61095,-88.9319
44.85,-116.4
44.45853,-116.2853
42.5149,-111.1241
42.5149,-111.1241
42.35635,-111.5212
47.23455,-116.7369
44.28265,-115.8714
44.35978,-115.8596
48.1143,-116.0558
48.43443,-116.667
48.6334,-116.934
48.255,-116.1475
48.49805,-116.4171
NA,NA
48.25206,-116.0969
48.15585,-116.1842
48.33,-116.71
48.74915,-116.8415
48.43676,-116.9137
48.1964,-116.99
NA,NA
48.75694,-116.7338
48.45359,-116.6339
48.73665,-116.8596
48.22407,-116.8768
42.21,-89.85
39.2372,-88.61966
40.25679,-90.59952
41.55965,-90.40675
38.09052,-90.06338
41.2285,-89.3211
37.289,-88.9963
37.52127,-88.65912
39.607,-90.64
39.8352,-88.47835
38.04813,-89.30435
40.82944,-89.73378
40.82944,-89.73378
40.8365,-89.599
38.0985,-89.4205
37.1142,-89.1979
37.63,-88.55
37.61404,-88.50061
NA,NA
39.7721,-89.4691
39.65749,-89.56981
39.853,-89.5
39.84874,-89.55229
39.66676,-89.68079
40,-90
39.6395,-89.66525
39.62,-89.6845
39.83627,-89.65926
39.73333,-89.61281
39.75318,-89.56226
40.1348,-90.6757
NA,NA
39.50655,-88.70795
38.51689,-90.16501
38.43189,-89.87113
38.4326,-89.79143
38.4335,-89.7915
40.61,-89.585
40.67577,-89.60034
40.67855,-89.49032
37.56937,-89.36241
37.56937,-89.36241
37.4351,-89.30203
41.96925,-89.38184
39.75616,-88.62624
42.18476,-88.29926
40.316,-90.459
NA,NA
41.02524,-89.45454
38.4975,-88.9094
40.82546,-88.50196
38.71682,-87.68468
38.76417,-87.60555
41.86395,-89.34285
40.14471,-89.41959
39.8732,-88.9813
39.781,-88.867
NA,NA
39.115,-89.952
NA,NA
39.37753,-90.04582
39.06,-89.98351
39.26776,-89.48787
NA,NA
NA,NA
NA,NA
39.30525,-90.0933
39.34657,-90.1173
39.2038,-89.9758
39.3047,-90.0775
39.4383,-89.86021
38.74784,-90.14547
38.809,-89.918
38.74784,-90.14547
NA,NA
38.7774,-90.012
38.72226,-89.80125
38.92241,-90.16171
38.4763,-89.54485
NA,NA
38.9951,-90.1451
38.90123,-89.80123
NA,NA
NA,NA
38.66736,-89.87602
38.96846,-89.72024
38.74625,-89.8774
38.68707,-89.09732
37.228,-88.7476
NA,NA
37.2276,-88.7584
40.45428,-90.78947
40.45273,-90.79664
40.55179,-90.7771
42.1838,-88.30026
42.38553,-88.35001
39.06,-89.558
NA,NA
NA,NA
39.74652,-90.17844
39.6548,-90.18651
39.57463,-90.24173
39.53747,-90.17564
41.90703,-89.41539
42.17577,-88.09506
40.98073,-90.18332
41.16124,-87.58124
37.34339,-88.71672
39.02775,-90.4049
38.94564,-87.97622
40.34057,-87.47077
41.30412,-89.9595
NA,NA
37.5,-88.3461
40.4664,-91.0007
40.3752,-91.3883
NA,NA
37.60075,-88.38197
37.44508,-88.36589
40.8139,-91.0863
40.9452,-90.9009
40.9119,-90.928
37.68393,-89.48825
37.78048,-89.45728
37.68485,-89.49155
37.745,-89.3595
37.71917,-89.48784
37.71917,-89.48784
37.61335,-89.15173
37.63264,-89.17177
37.85126,-89.23383
37.59461,-86.13757
38.18881,-88.83003
38.32304,-88.96978
39.02341,-90.40184
42.075,-88.53872
42.1551,-88.2886
41.207,-88.01345
41.625,-88.4375
41.61575,-88.4586
41.12409,-90.16382
41.295,-88.595
41.26155,-89.03049
41.30374,-88.95451
41.42741,-88.71402
41.29663,-88.60814
41.42396,-88.71103
41.4209,-88.706
NA,NA
41.29077,-88.66103
41.3224,-88.92
41.29601,-88.60679
NA,NA
41.33,-88.55
38.3778,-88.07554
NA,NA
39.8213,-88.1676
39.09109,-87.80624
38.567,-89.341
39.40458,-87.7313
39.5075,-89.3469
40.04505,-90.1498
40.06831,-90.15218
40.26916,-88.1033
39.5075,-89.3469
NA,NA
NA,NA
41.9586,-87.8574
42.1295,-88.1577
41.53346,-87.75156
41.63243,-87.76622
41.84136,-87.83285
41.63243,-87.76622
41.63039,-87.86476
41.53346,-87.75156
41.4811,-87.5321
41.63289,-87.79683
41.7173,-87.8617
41.7627,-87.7714
41.53887,-87.62597
41.67433,-87.84415
38.893,-87.869
38.87531,-87.90503
40.19732,-88.724
41.89011,-88.18031
38.98,-89.136
39,-89
37.91,-88.929
37.92017,-88.98228
38.1038,-88.99181
37.88755,-88.98393
40.61182,-90.01651
40.62288,-89.99328
40.5332,-90.0594
40.59904,-89.88347
40.48724,-90.19624
40.625,-90.3832
40.5634,-89.95824
40.63281,-89.99568
40.63267,-90.28404
40.5658,-90.0055
41.3368,-88.562
41.3368,-88.562
41.33018,-88.53889
38.92993,-90.53175
38.946,-89.582
39.93521,-89.88871
NA,NA
NA,NA
38.01,-87.3203
NA,NA
NA,NA
40.38335,-87.0796
NA,NA
NA,NA
NA,NA
NA,NA
39.365,-85.8486
38.73725,-85.84489
37.83837,-87.13843
NA,NA
38.1579,-87.41805
38.6899,-86.25349
39.4862,-86.161
38.43235,-86.19055
38.71342,-86.04386
39.91682,-90.95499
37.18404,-89.36896
37.18404,-89.36896
38.9241,-89.53419
39.2949,-90.608
39.72848,-86.93636
41.062,-86.5945
NA,NA
39.8679,-87.23335
NA,NA
NA,NA
39.9347,-87.08955
38.63472,-86.79333
NA,NA
NA,NA
41.3382,-85.7037
39.38,-86.11
NA,NA
NA,NA
NA,NA
39.3579,-85.61
NA,NA
39.01166,-86.57665
NA,NA
39.32117,-86.46065
NA,NA
39.04744,-86.38894
NA,NA
39.02502,-86.49139
39.3804,-86.4324
NA,NA
NA,NA
38.12318,-86.64338
40.9847,-86.911
39.74356,-86.81714
40.8179,-85.3532
39.98705,-85.3149
NA,NA
40.0403,-86.1084
40.54919,-85.69739
NA,NA
NA,NA
NA,NA
39.45697,-85.5481
39.06565,-85.01295
38.4191,-86.23506
NA,NA
NA,NA
NA,NA
NA,NA
NA,NA
38.176,-95.3465
NA,NA
39.2152,-86.05825
NA,NA
39.2065,-86.22125
39.17909,-86.3356
39.24841,-86.33011
39.17295,-84.971
38.39027,-85.95914
NA,NA
40.18,-86.1512
38.02847,-85.57882
NA,NA
40.74765,-85.57069
37.3444,-97.1953
39.072,-95.747
37.64103,-97.40294
39.1062,-99.26195
39.1463,-96.8223
38.1814,-97.56185
37.56279,-98.42924
39.7273,-97.34005
38.76635,-95.70296
37.44208,-95.35479
38.62563,-96.44296
37.192,-95.7455
39.30595,-98.2833
38.53062,-89.89167
38.19744,-97.41755
38.6234,-94.6837
NA,NA
39.14519,-96.35309
38.37558,-97.58336
37.52947,-97.60829
37.7715,-97.424
37.40504,-97.4572
39.06381,-95.74633
37.0581,-97.3374
39.3716,-94.9
37.0504,-95.0802
37.641,-98.12825
38.5735,-94.477
39.1441,-95.488
39.33292,-95.84024
39.1489,-96.9614
38.9142,-95.2577
38.3908,-95.6491
37.274,-94.93115
37.81005,-94.72448
37.75972,-87.96917
36.82806,-88.15556
37.41098,-85.26247
36.68937,-86.45915
38.24361,-85.03827
38.25861,-85.03827
36.8066,-86.5549
36.75139,-87.89472
36.8216,-87.93167
36.92799,-88.12511
37.7684,-94.97862
37.4253,-94.7844
39.2305,-95.44415
39.4045,-94.91451
37.3901,-97.56253
NA,NA
37.56215,-97.85428
38.05703,-83.46259
37.32355,-84.26856
37.7764,-83.67952
37.31413,-82.13403
37.37814,-83.25562
37.7755,-85.67188
NA,NA
37.96027,-86.11702
37.6095,-87.344
36.66257,-84.33998
38.51465,-83.83695
37.83777,-82.43635
36.8207,-88.41175
37.81144,-83.08006
37.57039,-84.28714
36.89478,-87.02245
37.55156,-84.50035
37.05575,-86.98705
NA,NA
36.91533,-86.73543
NA,NA
37.75745,-84.10435
37.53705,-84.2552
37.30984,-84.20422
38.63454,-83.80266
38.33527,-83.41575
36.40406,-84.23711
37.689,-85.359
37.2731,-83.49205
37.49993,-82.353
37.42701,-82.48093
37.26532,-82.69576
37.47975,-82.5183
NA,NA
37.82708,-83.81139
37.83438,-83.69043
37.53918,-83.46014
38.2592,-83.41507
38.56277,-83.32354
37.19822,-82.81679
37.65805,-83.79678
38.1078,-82.73412
37.06226,-83.9769
37.51867,-86.05289
37.94235,-82.88309
NA,NA
38.14415,-85.89175
37.49582,-83.89224
37.29395,-87.52757
38.44148,-85.0016
36.9265,-83.0452
38.31738,-82.51773
37.3817,-86.1358
38.528,-84.588
38.12912,-84.94009
38.73854,-84.63702
37.55379,-86.35931
38.53082,-82.70584
38.53187,-82.7989
36.88494,-82.89404
37.00633,-83.56467
36.89771,-83.16293
36.83193,-83.42429
NA,NA
37.3141,-87.64487
37.2402,-87.40585
NA,NA
37.77591,-82.74628
37.0787,-83.95846
38.16205,-82.643
38.02653,-82.83278
38.06181,-82.69125
38.02825,-82.83425
38.11509,-82.70393
38.03338,-82.44214
NA,NA
38.05344,-82.5446
38.195,-82.868
37.22604,-82.74595
NA,NA
38.45795,-83.9311
38.0311,-83.1815
37.64966,-87.01657
37.34029,-87.89844
37.89508,-84.1989
37.3181,-84.92358
38.33885,-82.89059
38.63813,-85.00044
37.28205,-83.21735
38.42968,-82.64877
36.7999,-83.66641
37.1496,-86.0163
36.9372,-88.9949
37.95708,-84.97527
36.772,-86.1425
30.85052,-89.81163
37.97699,-84.90234
NA,NA
36.67311,-83.85683
38.90649,-84.67017
NA,NA
39.08002,-84.79574
37.65522,-86.93743
NA,NA
31.1458,-93.2512
32.8057,-92.40895
NA,NA
NA,NA
30.74715,-91.76733
31.5831,-93.50845
31.6498,-93.0887
30.509,-90.6763
31.6825,-92.3104
30.2576,-92.6221
29.5385,-90.593
NA,NA
32.0131,-91.14448
30.96745,-91.0955
30.49905,-91.01565
NA,NA
NA,NA
NA,NA
31.4871,-92.3309
31.41787,-92.28034
31.368,-92.422
31.6825,-92.3104
32.0199,-92.914
31.1375,-92.4976
31.3799,-92.37835
31.40304,-92.46844
31.3058,-92.4054
31.3904,-92.3495
31.4676,-92.2508
31.60641,-93.4991
31.14195,-93.2952
NA,NA
32.7817,-93.9467
31.08774,-91.84467
NA,NA
30.8346,-92.64896
42.32359,-72.43863
42.64809,-72.91994
NA,NA
41.60551,-70.97708
41.73125,-70.48792
NA,NA
NA,NA
39.21564,-77.4608
NA,NA
NA,NA
39.06392,-77.2948
39.64819,-78.32549
NA,NA
NA,NA
NA,NA
42.7396,-73.21289
42.07867,-73.38644
NA,NA
42.34607,-73.16418
42.08354,-73.47686
42.63678,-73.16617
41.74419,-70.95906
NA,NA
42.12302,-72.89154
42.08179,-72.82665
42.30283,-72.53766
42.12697,-70.97559
42.17865,-70.75587
41.83664,-70.89049
42.09091,-71.42092
41.85164,-70.95207
30.1878,-90.8493
39.50071,-79.23683
NA,NA
NA,NA
38.63295,-75.80465
NA,NA
NA,NA
NA,NA
NA,NA
44.6908,-69.3614
46.1333,-68.8405
NA,NA
NA,NA
NA,NA
NA,NA
NA,NA
NA,NA
NA,NA
44.78159,-68.2283
NA,NA
45.04705,-70.99485
44.34113,-70.61507
44.32852,-70.68238
45.04943,-68.63222
NA,NA
39.01142,-76.53862
NA,NA
NA,NA
NA,NA
NA,NA
38.81639,-76.54514
39.11378,-76.811
39.08414,-76.82731
NA,NA
39.6946,-76.6691
NA,NA
NA,NA
NA,NA
39.67183,-76.34047
NA,NA
NA,NA
NA,NA
42.2375,-83.67
NA,NA
45.964,-86.1437
43.26806,-82.53083
44.377,-84.4995
45.40985,-83.85985
43.103,-86.075
45,-85
43.857,-85.30701
46.87111,-89.31389
43.55,-86.325
43.4245,-86.353
NA,NA
43.45135,-85.12935
43.235,-85.34194
43.2725,-85.2515
43.265,-84.94099
43.38621,-84.88741
45.0635,-83.9205
44.94835,-84.165
45.22039,-84.21035
43.689,-86.376
43.5345,-86.29
43.674,-86.4565
NA,NA
44.2055,-83.95399
44.36434,-84.05358
44.34035,-84.00156
44.41835,-84.40335
44.48875,-83.88607
44.1305,-85.2165
NA,NA
NA,NA
44.5256,-84.06493
NA,NA
44.53665,-84.16389
44.76,-84.12485
44.565,-83.845
44.59665,-84.0415
44.68,-84.01165
42.86361,-86.16861
45.351,-83.4885
44.4355,-84.7602
44.29188,-84.72922
44.17335,-84.6
44.398,-84.4445
44.41775,-84.5914
NA,NA
43.39116,-82.53918
46.34575,-85.95865
NA,NA
46.3126,-86.5228
46.18968,-85.97613
45.9796,-86.0221
46.159,-86.611
46.19183,-86.21193
NA,NA
NA,NA
43.41444,-83.18583
42.15965,-83.55718
42.285,-83.59014
42.30472,-83.60472
42.40611,-83.58
42.36639,-83.86097
42.43235,-84.2915
NA,NA
NA,NA
NA,NA
NA,NA
43.60667,-85.27652
NA,NA
44.1708,-86.10335
45.91515,-84.87524
46.52889,-85.49639
NA,NA
41.93,-84.35389
44.83369,-85.72845
44.0559,-85.92196
47.232,-88.16361
43.153,-85.5995
44.76665,-85.00165
44.525,-85.075
NA,NA
NA,NA
NA,NA
43.21,-85.41
43.22,-85.68
NA,NA
41.871,-84.2995
42.068,-84.22701
41.80832,-84.20835
NA,NA
42.68505,-84.04025
46.56725,-85.589
46.71195,-85.38834
46.01793,-84.72002
46.22113,-85.77517
NA,NA
44.38367,-86.19037
44.4887,-85.93575
44.22671,-86.10172
NA,NA
44.25533,-85.9222
NA,NA
46.09045,-87.48289
46.61183,-87.73236
46.47182,-87.42407
46.60424,-87.46171
46.52545,-87.5034
46.34445,-87.3459
NA,NA
44.091,-86.42896
NA,NA
43.577,-85.293
NA,NA
45.7457,-87.87157
45.69347,-87.74364
43.79834,-84.2114
43.59611,-84.42722
43.74,-84.58583
NA,NA
NA,NA
41.972,-83.3595
42.225,-85.6885
NA,NA
NA,NA
46.10294,-88.45181
NA,NA
43.1095,-84.9825
43.94111,-83.27139
41.79639,-84.4587
NA,NA
44.66666,-85.79052
46.25,-89.5
43.87,-84.355
NA,NA
45.9642,-87.3289
44.7,-84.71
NA,NA
46.37165,-84.91665
44.82167,-84.47611
NA,NA
46.01278,-86.81917
45.87165,-87.02158
45.74023,-87.09378
45.78247,-87.326
NA,NA
NA,NA
45.93311,-87.05026
45.89259,-87.04828
46.06728,-87.15701
46.01398,-87.98718
NA,NA
43.83165,-84.41335
44.12,-84.50999
46.3018,-89.91997
44.64535,-85.77714
NA,NA
44.685,-85.433
NA,NA
44.71466,-85.44922
41.9773,-84.7802
NA,NA
41.78913,-84.53609
NA,NA
NA,NA
44.2725,-83.89001
44.49427,-83.40396
44.42654,-83.37971
46.2803,-88.7751
43.5975,-84.66833
NA,NA
NA,NA
42.20901,-84.53098
42.17291,-84.10373
NA,NA
42.39472,-85.60028
NA,NA
45.33075,-85.23538
42.323,-85.05965
42.0288,-86.5153
44.5976,-86.09081
NA,NA
46.56913,-88.28403
43.92736,-83.92834
44.98276,-83.84937
42.4637,-85.95915
46.35503,-86.97
44.6375,-83.51418
46.50385,-95.11484
45.95602,-94.87069
45.8,-94.27725
44.56215,-83.78585
44.62,-83.62335
44.68047,-83.61314
44.56203,-83.45052
46.4722,-86.5367
NA,NA
45.1365,-83.5175
NA,NA
46.5244,-88.16701
NA,NA
44.62845,-85.86292
44.51436,-85.82096
NA,NA
44.73109,-86.11156
41.77945,-85.99374
42.19,-86.36
42.3125,-84.7378
41.80205,-85.84005
NA,NA
45.1475,-84.425
45.35665,-84.605
45.31915,-84.30746
NA,NA
NA,NA
48.52579,-96.28425
NA,NA
NA,NA
NA,NA
47.1589,-94.83755
46.73252,-94.68516
43.80075,-92.36145
46.78149,-93.81888
48.0607,-90.58915
NA,NA
NA,NA
46.69303,-92.49979
NA,NA
NA,NA
46.65563,-92.3713
47.3304,-94.1211
46.67197,-94.80162
47.39974,-94.41713
46.06195,-90.0545
43.80075,-92.36145
NA,NA
47.52522,-93.25262
NA,NA
NA,NA
47.49753,-93.61481
47.323,-93.9137
47.31732,-93.28008
47.5,-93
47.65885,-93.75745
47.76524,-94.07877
NA,NA
NA,NA
46.02361,-92.88618
46.3725,-92.83521
46.3666,-92.84309
48.8572,-96.0073
NA,NA
NA,NA
NA,NA
48.1784,-92.12065
NA,NA
NA,NA
NA,NA
NA,NA
47.27147,-93.02428
47.5754,-92.53
47.51591,-92.6349
48.13826,-92.2895
NA,NA
47.4284,-92.01759
NA,NA
48.1316,-92.296
47.47025,-92.75357
47.83334,-92.92708
46.92417,-92.83774
47.87965,-91.97748
NA,NA
45.1836,-93.06226
36.57869,-90.21339
38.039,-90.7517
37.85524,-94.11218
37.5656,-92.1426
36.66887,-93.29459
36.67065,-93.65774
36.87593,-89.86899
37.718,-90.177
38.73802,-90.53249
37.40025,-90.23058
37.9939,-93.8794
38.655,-90.675
37.2306,-91.30804
37.236,-89.55949
38.21285,-90.66216
36.66708,-90.9525
37.286,-89.6075
36.469,-91.154
38.0944,-93.5577
37.5965,-90.4935
38.69428,-90.52987
37.8602,-90.0329
36.63621,-93.31413
NA,NA
36.73,-93.51
NA,NA
36.71418,-93.25712
36.3881,-93.1073
NA,NA
36.39835,-93.14626
36.72415,-93.11722
37.27,-91.985
37.8322,-95.32129
37.84203,-94.6028
37.91544,-94.32079
37.84239,-94.60359
38.11468,-91.06547
37.18847,-90.52135
37.0505,-90.277
NA,NA
47.4914,-94.57375
NA,NA
NA,NA
47.8764,-95.0168
47.43842,-94.98708
47.52413,-94.88525
NA,NA
47.48271,-95.05023
37.30427,-90.83465
NA,NA
37.714,-92.173
37.7664,-93.5395
NA,NA
38.01223,-91.64719
36.00565,-89.67815
36.615,-92.425
37.03575,-94.52888
38.3085,-92.8254
39.1405,-91.419
36.9897,-89.25555
38.305,-92.411
40.57773,-93.64312
36.50787,-94.2319
36.51627,-94.60989
38.1875,-92.337
36.6,-91.2
36.4504,-92.2428
36.06055,-89.98725
39.3735,-91.093
39.445,-91.07
39.29007,-91.09014
NA,NA
37.54661,-93.41
37.82861,-92.20055
37.50983,-92.22327
37.422,-91.578
37.4504,-92.5415
37.7925,-92.05
39.20894,-94.2908
NA,NA
37.05571,-90.89388
NA,NA
39.8397,-91.6533
NA,NA
37.5562,-90.2488
39.83804,-93.6515
37.11433,-93.71506
39.1175,-93.4025
38.21719,-90.50072
39.04035,-94.16049
36.97061,-92.09264
38.46253,-93.91737
40.39956,-94.02478
37.07354,-93.13545
38.441,-91.6284
38.40685,-90.7
36.8109,-92.3046
37.02496,-92.11988
36.94109,-92.7622
36.7548,-92.1527
37.79465,-90.79886
NA,NA
38.203,-90.5545
38.28,-91.6253
37.0968,-93.4303
37.3317,-93.614
37.66643,-90.86792
NA,NA
39.03445,-94.10855
38.5229,-94.19245
38.524,-94.1927
38.5992,-94.1057
38.99353,-94.22043
39.00875,-94.30658
38.521,-94.188
NA,NA
37.18124,-94.47345
38.22635,-90.39488
38.4063,-90.7357
NA,NA
38.45927,-90.55145
NA,NA
39.30745,-94.59565
37.19201,-93.73122
37.117,-93.894
36.589,-93.3945
37.39315,-91.3012
NA,NA
37.48743,-93.86594
37.8597,-91.432
38.437,-92.408
39.60238,-94.40015
39.2475,-94.271
39.7557,-92.9282
37.87153,-93.82087
38.7437,-94.2633
NA,NA
38.16811,-92.79309
38.56724,-92.07335
NA,NA
38.93704,-92.32704
NA,NA
36.8133,-93.8232
36.7279,-93.6383
39.08817,-92.31901
38.9099,-92.36771
38.485,-92.225
38.4125,-92.1855
39.3875,-94.43649
38.62,-91.96238
38.04414,-92.97639
38.586,-94.286
38.397,-94.332
38.3905,-94.352
38.46156,-94.14297
37.664,-93.684
39.502,-94.29428
38.81124,-92.59781
NA,NA
37.93125,-91.33569
38.11203,-91.1569
38.2081,-91.16042
37.99225,-91.42575
37.99211,-91.42499
37.63169,-91.41383
39.859,-94.856
30.46825,-89.6918
34.31605,-89.845
NA,NA
33.50025,-88.40335
32.2714,-88.7496
30.38345,-88.72985
32.40191,-90.19371
30.2464,-89.6111
30.97675,-89.0338
31.39275,-91.08505
32.036,-88.77015
33.56555,-90.8022
33.10925,-89.59135
31.1603,-90.71574
32.036,-88.77015
32.1806,-88.864
32.09515,-88.68893
32.3372,-88.74805
32.31255,-88.65135
32.51638,-88.47103
46.05292,-112.571
47.62167,-115.3903
47.70667,-104.1922
46.02962,-113.1198
47.66724,-108.6873
46.01833,-110.3308
46.97694,-113.8381
46.76389,-110.7781
45.12266,-111.563
48.27011,-115.6418
46.76472,-111.8861
46.24,-111.75
46.18694,-113.6925
48.36139,-113.1236
45.22417,-111.125
45.14665,-111.0834
45.7922,-111.3637
45.61331,-110.7897
48.68,-113.82
46.30766,-113.1424
47.07444,-111.9625
47.04333,-112.7031
47.07954,-112.5649
46.83285,-112.702
47.12806,-111.9094
NA,NA
NA,NA
46.59692,-110.6268
47.43904,-115.6545
47.03222,-114.0906
47.06032,-114.0717
46.75889,-114.08
46.96508,-114.0725
NA,NA
NA,NA
46.5252,-113.5911
46.93335,-113.8334
45.66722,-110.8069
45.82285,-114.0125
48.03278,-105.8642
47.25335,-114.45
45.9754,-112.4554
47.60413,-113.7593
47.17833,-111.9744
45.28074,-109.5528
46.48392,-111.2644
45.0262,-106.8331
45.3705,-112.9707
36.09945,-80.7704
36.21335,-78.09365
35.1685,-82.488
35.5131,-83.5582
36.38287,-80.46865
36.48615,-80.375
35.2256,-80.26915
35.18637,-78.63611
35.451,-82.287
34.5287,-79.26708
35.5605,-83.5214
NA,NA
35.33783,-83.52992
36.31126,-81.30889
36.0055,-81.08335
36.134,-80.66
47.57549,-144.0265
47.98521,-113.9818
35.0554,-79.88049
35.56577,-79.75537
35.28195,-82.39165
36.31625,-79.03025
34.3924,-77.7485
36.3715,-76.29115
36.2058,-78.968
34.6894,-77.2914
36.0089,-77.90525
35.8934,-81.98335
NA,NA
35.2483,-83.28265
35.5311,-78.4048
35.211,-83.007
NA,NA
NA,NA
35.10486,-83.23206
NA,NA
30.0326,-83.52959
35.892,-82.829
35.7695,-82.87408
35.85107,-82.05008
35.30773,-79.75644
35.4449,-80.0616
35.31924,-80.03551
35.43787,-80.69763
35.25048,-79.86721
35.35636,-80.01653
35.31331,-80.00272
35.46955,-80.08778
35.24749,-79.97967
NA,NA
34.50917,-77.53445
34.7576,-77.5873
34.53784,-77.50434
34.40434,-77.23759
NA,NA
36.13009,-79.1514
NA,NA
NA,NA
35.18083,-79.21278
35.33975,-82.443
35.89305,-83.26097
35.42525,-77.67995
NA,NA
35.91965,-80.6282
35.87885,-80.2068
35.1312,-79.11128
34.79914,-77.10508
35.94585,-81.7418
35.7909,-82.4614
35.998,-76.946
35.88561,-81.92929
36.3461,-81.38915
36.42315,-81.56219
35.95865,-81.95195
35.618,-82.321
35.2725,-82.65414
35.83845,-81.80479
35.78043,-81.77603
35.6267,-81.5917
35.194,-81.402
35.75,-80.375
35.95815,-80.2084
34.78052,-77.85507
35.53467,-83.17152
35.53467,-83.17152
35.36,-82.4831
35.41939,-82.56715
35.94647,-81.03185
35.84103,-81.20877
29.77295,-81.68295
28.09538,-82.74918
28.29425,-82.71758
27.84434,-81.30249
30.7599,-85.76891
38.676,-75.18375
NA,NA
NA,NA
39.08,-121.42
34.55154,-112.5421
35.06144,-93.45042
NA,NA
NA,NA
62.9375,-141.5667
55.1872,-132.7982
55.4555,-132.7333
55.2035,-132.8202
62.77335,-141.3165
63.98869,-142.7691
61.96802,-145.3427
NA,NA
35.15193,-93.42848
NA,NA
NA,NA
34.7706,-111.8907
34.7,-112.05
34.45,-112.53
NA,NA
34.67245,-111.7099
41.38695,-71.95564
41.59272,-71.90106
NA,NA
NA,NA
38.88665,-75.3793
38.71,-75.36536
30.46805,-85.4937
30.4664,-85.6316
27.97255,-81.12476
27.99245,-81.19445
28.3609,-80.93504
28.1382,-81.0621
28.13136,-81.00677
NA,NA
28.12565,-81.02086
28.11468,-81.35342
26.5931,-80.21295
26.83656,-80.18501
26.80829,-80.16933
28.3836,-82.6053
28.41655,-82.1426
28.252,-82.44749
NA,NA
28.19899,-82.76431
28.29324,-82.35606
28.36168,-82.11937
NA,NA
28.00845,-81.93871
27.7752,-81.9755
28.021,-81.8642
27.9664,-81.95285
27.8565,-81.8995
27.89469,-81.9742
27.9013,-81.58581
NA,NA
NA,NA
28.05144,-81.51359
28.525,-81.95499
27.93531,-81.87347
NA,NA
27.93991,-81.67247
29.7351,-81.96195
29.56871,-82.05391
29.77291,-81.8592
29.49577,-81.74579
NA,NA
NA,NA
NA,NA
61.5,-142.9
57.7566,-155.981
61.09085,-149.7667
31.99,-87.29
31.4515,-88.08305
33.89236,-87.3775
33.28375,-87.32655
32.91874,-85.9793
33.36305,-86.17122
33.6205,-86.4664
33.3674,-86.64066
32.31435,-85.16235
31.85,-85.925
33.6332,-86.2952
33.59,-86.5
33.48665,-85.8175
33.35,-85.625
33.24084,-85.7894
33.26035,-87.31821
33.21145,-87.35664
33.20837,-87.28992
33.37095,-87.6942
33.8957,-87.53395
33.97575,-87.45876
33.8957,-87.53395
31.25385,-88.26291
31.24305,-88.31126
61.0595,-149.7853
NA,NA
NA,NA
NA,NA
NA,NA
64.89139,-147.8142
NA,NA
33.13195,-88.17885
34.4881,-86.6333
NA,NA
30.47612,-88.34223
34.27607,-86.17524
34.95605,-86.4559
32.43,-85.705
32.184,-86.581
34.7325,-86.52105
32.6825,-85.2222
34.8986,-87.95277
33.41574,-88.12475
33.8132,-86.7891
34.56327,-85.79889
31.23374,-85.21574
31.00002,-86.99782
33.82162,-85.48985
34.04129,-85.86473
NA,NA
31.651,-85.19265
34.24174,-85.08995
33.55153,-86.98473
32.6218,-85.4258
32.67715,-85.21545
34.92855,-87.1105
34.9263,-87.02025
34.6802,-87.00665
34.73139,-86.97057
34.71139,-86.6575
34.5422,-86.66465
34.55946,-86.59747
34.32279,-86.5045
34.47091,-86.56954
33.13,-88.14999
31.13586,-87.06486
31.35,-85.7075
34.29511,-86.88621
31.34781,-86.54527
34.80405,-87.50905
31.53475,-85.7944
33.7065,-85.57415
33.46345,-85.87055
31.58255,-87.96095
34.14117,-85.22781
34.1288,-86.68
33.1,-86.86
31.86801,-85.35995
33.00014,-86.00004
33.89833,-86.84557
NA,NA
32.76967,-86.4891
32.48322,-86.37698
31.809,-87.56807
31.20325,-87.5047
NA,NA
33.12572,-85.49103
33.64341,-85.41961
33.65175,-85.52335
34.70112,-87.77686
NA,NA
31.16,-87.09069
NA,NA
31.29,-86.255
34.00806,-86.96416
31.30503,-85.61766
32.30673,-87.24547
30.7113,-87.91833
32.4456,-86.5653
35.07,-91.97
36.13361,-93.94389
NA,NA
34.97181,-90.95902
34.08204,-94.3457
35.1759,-94.0679
35.8019,-92.943
34.52473,-92.70348
36.19791,-91.1125
34.87,-92.12
35.42097,-93.15208
34.70694,-94.45417
36.042,-93.1545
33.14759,-93.89135
33.26666,-93.886
33.31194,-93.8417
33.18639,-93.9475
33.33171,-93.98622
34.4125,-94.1125
34.61197,-94.21684
34.369,-94.3745
35.27833,-93.13361
NA,NA
35.55535,-93.1716
34.92336,-92.30519
34.92684,-92.30753
34.86535,-92.3575
34.85324,-92.25454
36.154,-91.09
34.47,-92.58
34.56444,-92.58667
34.55056,-92.34083
34.53167,-92.40778
34.73147,-92.75093
NA,NA
35.77,-92.44583
35.09306,-94.356
33.94073,-94.09966
33.1075,-92.33472
33.14663,-92.61493
33.26462,-92.64066
36.20611,-94.23417
35.255,-91.50301
35.34737,-91.60007
30.31786,-87.64934
NA,NA
35.9975,-93.83426
34.787,-91.735
NA,NA
33.76986,-94.3643
34.88111,-91.08056
35.44944,-91.51306
35.64861,-91.45889
34.08,-93
33.66554,-93.56799
34.20873,-92.57542
34.44652,-93.07654
36.37111,-91.87
34.56384,-92.22704
33.40425,-91.48295
34.17376,-91.07266
33.7985,-91.27056
36.33205,-91.52025
36.12083,-90.51056
34.25,-93.1
34.39,-93.23111
34.31611,-93.17056
34.285,-93.162
NA,NA
35.69958,-91.51528
35.703,-91.46231
33.387,-94.036
35.186,-93.206
35.34572,-93.75313
36.31519,-93.75723
NA,NA
36.1655,-93.5515
36.29871,-92.63179
36.14065,-92.52505
36.09306,-92.45677
35.0194,-90.32
35.36335,-94.229
NA,NA
33.82111,-92.03389
33.88861,-93.20389
33.26855,-91.22115
36.41,-93.74
36.25639,-94.07806
36.19444,-92.38222
NA,NA
33.99989,-110.4298
NA,NA
NA,NA
33.6247,-109.3191
NA,NA
NA,NA
35.241,-111.8634
NA,NA
34.515,-111.375
35.656,-111.938
36.4,-112
36.74,-112.19
34.96295,-111.5228
34.90831,-110.8403
NA,NA
NA,NA
34.4274,-110.9986
35.1394,-111.6259
34.35,-110.98
34.33335,-110.9583
34.475,-111.08
35.09,-111.7
34.425,-111.375
35.3,-111.675
34.34,-110.9725
34.575,-111.4
34.375,-111.4925
35.33069,-111.7101
NA,NA
NA,NA
36.3431,-112.0934
34.275,-110.85
NA,NA
NA,NA
34.43951,-111.0946
36.65,-112.24
34.24228,-110.5712
35.30685,-111.7141
NA,NA
34.43542,-111.3164
33.825,-110.925
34.4,-111.5
NA,NA
NA,NA
34.28939,-111.1367
32.42445,-109.5601
32.65,-110.175
NA,NA
32.815,-109.675
32.7071,-109.9643
32.70631,-109.9134
32.70722,-109.9648
NA,NA
32.95,-112.73
33.85,-111.69
NA,NA
33.3785,-112.6432
34.55,-113.46
34.27139,-110.0632
34.0425,-110.4829
34.1,-110.165
34,-110
34.285,-110.11
36.36,-92.55472
36.33528,-92.385
36.37139,-92.25139
36.37399,-92.27071
36.38605,-92.30614
36.34167,-93.94583
36.18333,-94.44694
36.3025,-93.448
36.34389,-93.76
NA,NA
NA,NA
35.14639,-90.18444
35.738,-90.1355
31.63,-110.177
36.54165,-109.29
NA,NA
36.10222,-118.8489
40.33556,-121.9139
39.205,-121.58
37.39555,-121.4871
NA,NA
41.82417,-122.9958
34.73389,-119.9254
35.665,-120.55
NA,NA
NA,NA
32.71528,-117.1564
NA,NA
33.32237,-116.8782
33.2675,-116.8625
NA,NA
32.81075,-116.4208
33.03662,-116.5645
34.60665,-120.0023
37.055,-121.845
38.4906,-121.7138
37,-121.7
40.8333,-122.6417
40.8875,-122.3775
40.63556,-122.7325
NA,NA
40.755,-122.33
NA,NA
NA,NA
NA,NA
40.45787,-121.8765
NA,NA
40.4925,-121.8881
40.58667,-122.3906
40.88,-121.675
40.92911,-121.6156
40.75,-122.1667
NA,NA
40.7974,-122.278
NA,NA
40.53806,-121.7314
40.75,-122.1675
40.4999,-121.9167
40.8833,-122.2333
40.7333,-122.6667
40.5835,-122.553
40.7729,-122.1024
40.64289,-121.8214
40.59781,-121.6476
NA,NA
NA,NA
39.5575,-120.8294
NA,NA
41.42806,-122.3839
41.75,-123.35
41.31917,-123.1778
NA,NA
NA,NA
NA,NA
41.75,-123.35
41.72944,-122.6361
41.23598,-123.292
41.28996,-123.056
NA,NA
NA,NA
41.45833,-122.4306
41.3657,-123.1317
41.21361,-122.2703
NA,NA
NA,NA
NA,NA
NA,NA
NA,NA
NA,NA
NA,NA
41.8111,-123.375
41.8333,-123.1668
NA,NA
41.98645,-123.1749
41.65925,-123.4498
NA,NA
41.845,-122.575
38.51639,-123.24
38.415,-122.585
38.25583,-122.5833
38.83996,-123.0585
37.475,-121.07
39.92778,-122.1781
40.0625,-123.2208
NA,NA
NA,NA
40.20556,-123.4908
NA,NA
NA,NA
NA,NA
NA,NA
40.9913,-122.8719
40.6789,-122.8055
NA,NA
NA,NA
NA,NA
NA,NA
NA,NA
NA,NA
NA,NA
40.7485,-123.2718
40.98333,-122.6986
NA,NA
NA,NA
41.1139,-122.7
36.1894,-118.1729
36.05361,-118.5347
36.05278,-118.1303
NA,NA
NA,NA
NA,NA
36.0438,-118.7402
NA,NA
36.4525,-118.6092
36.22306,-118.6744
36.10556,-118.5272
36.1999,-118.1666
36.07081,-118.2084
35.5803,-118.3804
35.95835,-118.375
36.70835,-118.375
35.84503,-118.6331
36.56304,-118.7729
38.1625,-120.0522
38.1625,-120.0522
38.23243,-119.984
38.29116,-119.7275
37.81269,-119.8609
38.19753,-119.9811
38.19753,-119.9811
38.19753,-119.9811
38.06615,-120.1877
38.2395,-119.8792
38.03898,-120.2339
37.89917,-119.9997
38.05141,-120.0508
38.26661,-119.8633
38.19833,-120.0083
38.17677,-119.9065
38.33115,-119.7853
38.32417,-119.7519
38.28085,-119.836
37.91111,-119.2569
38.31722,-119.7489
38.05,-120.2667
38.07584,-120.1039
38.03305,-120.2636
38.18389,-120.1547
38.3958,-119.801
38.24805,-119.9924
38.03917,-120.0459
38.0312,-120.2434
38.23475,-120.1862
38.09832,-120.0397
38.015,-120.245
38.20835,-120.0416
38.17625,-119.864
38.21877,-120.0124
38.375,-120.125
NA,NA
34.625,-119.2916
33.9,-109.355
36.28,-109.14
NA,NA
36.09081,-109.4276
35.97,-109.155
34.325,-109.64
34.6,-109.44
36.225,-109.11
33.988,-109.7452
35.175,-109.25
31.99003,-110.1835
NA,NA
38.90222,-121.0803
39.3225,-120.2653
NA,NA
35.5565,-121.2919
37.83074,-119.4626
41.41,-120.6781
NA,NA
NA,NA
37.35944,-119.6436
NA,NA
38.75,-122.7
35.2673,-118.9591
NA,NA
37.5703,-118.972
37.15889,-118.3743
37.22716,-118.6271
36.79165,-118.125
37.17004,-118.5391
NA,NA
35.75472,-118.4244
35.56805,-118.6078
35.51222,-118.3356
35.44986,-118.5821
NA,NA
NA,NA
NA,NA
35.7,-117.9667
35.17748,-118.625
35.12931,-118.3302
NA,NA
40.43298,-120.7413
40.37411,-120.8336
NA,NA
NA,NA
NA,NA
NA,NA
34.2802,-117.8333
34.25,-118.225
34.6167,-118.4333
34.76666,-118.5834
34.66363,-118.4538
37.4583,-120.0833
37.69639,-119.4275
39.22361,-123.7675
39.68833,-123.4817
NA,NA
NA,NA
NA,NA
39.44583,-123.8042
39.68833,-123.4817
NA,NA
39.25,-123.15
39.83,-123.115
39.06583,-123.4439
39.83929,-123.2393
39.51489,-123.3899
41.72278,-120.3292
41.48722,-120.5414
38.04806,-119.2642
38.29165,-119.54
37.65028,-118.9592
37.78861,-119.0736
38.3068,-119.5483
37.58325,-118.9166
37.90613,-119.2481
37.5999,-119
37.76666,-118.5333
37.9333,-119
NA,NA
38.04165,-119.2167
37.79337,-119.118
38.04679,-119.2654
37.97761,-119.1291
36.3779,-121.7146
36.2485,-121.495
NA,NA
39.21278,-120.8908
39.30056,-120.6672
39.41546,-120.4187
39.25396,-121.0517
39.50435,-120.3784
39.26167,-121.015
39.21667,-120.8983
39.26361,-121.0161
39.31917,-120.3275
39.374,-120.914
39.02028,-120.8169
39.01917,-120.8275
NA,NA
39.11167,-120.4683
38.95285,-121.0479
40.03728,-120.9851
39.80825,-121.0456
NA,NA
NA,NA
39.94278,-121.0158
NA,NA
NA,NA
NA,NA
33.7655,-116.7078
33.81678,-116.6329
33.66675,-116.7
NA,NA
33.95002,-116.5333
NA,NA
NA,NA
NA,NA
NA,NA
NA,NA
NA,NA
34.04165,-117.0416
34.33843,-117.1776
34.2556,-116.7944
34.28665,-117.3395
NA,NA
NA,NA
NA,NA
38.30056,-120.7053
NA,NA
38.25,-121
NA,NA
NA,NA
38.826,-105.1146
37.83905,-107.7247
NA,NA
40.00385,-107.4381
40.55415,-106.7084
NA,NA
40.4805,-106.7682
39.879,-106.6735
37.75417,-107.7667
37.70338,-107.7015
39.7198,-106.1666
39.32385,-106.2275
39.80777,-106.3023
39.41087,-106.1444
39.0465,-105.2146
38.753,-105.1598
38.71225,-105.1744
38.91,-105.275
38.8922,-105.1058
38.71145,-105.0354
39.11636,-105.2155
38.68775,-105.047
37.62124,-121.7587
38.46472,-120.0389
38.77778,-119.8208
NA,NA
38.4775,-120.0047
38.77778,-119.8208
38.45799,-120.0491
38.6167,-119.9501
38.51665,-119.6234
NA,NA
39.705,-121.18
39.64306,-121.2733
NA,NA
39.53722,-121.4822
39.55249,-121.5027
38.45861,-120.0397
38.20444,-120.3689
38.14167,-119.7111
38.31944,-120.2603
38.27194,-120.2867
38.25472,-120.3536
38.39917,-120.5264
NA,NA
41.75611,-124.2006
NA,NA
41.65,-123.85
NA,NA
NA,NA
NA,NA
NA,NA
NA,NA
NA,NA
NA,NA
NA,NA
41.85526,-123.8435
41.8607,-123.793
NA,NA
NA,NA
NA,NA
NA,NA
NA,NA
NA,NA
NA,NA
NA,NA
41.84998,-124.1417
41.89288,-123.7879
38.93333,-119.9833
NA,NA
38.86,-120.1358
38.93333,-119.9833
NA,NA
38.93333,-119.9833
38.93,-120.205
38.99778,-120.2392
38.9575,-120.0914
38.9575,-120.0914
38.9575,-120.0914
38.91185,-120.5764
38.85556,-120.0133
38.76139,-120.5856
38.72139,-120.5836
38.71806,-120.5619
38.90333,-120.6033
38.96,-120.0969
38.86165,-120.2201
38.9037,-120.6049
39.0833,-120.1666
38.80435,-120.0825
38.79998,-120.2083
38.77386,-120.4036
38.80643,-120.9699
NA,NA
NA,NA
37.07944,-118.9689
37.33694,-119.0139
36.7818,-120.201
NA,NA
NA,NA
37.35861,-118.9975
37.23389,-119.2119
37.2725,-118.9656
37.23667,-119.2386
37.23167,-119.235
37.23389,-119.2119
37.2804,-118.9614
37.1303,-118.9386
37.28675,-118.8741
36.77763,-118.9604
40.80222,-124.1625
40.94083,-123.6283
40.26639,-123.8692
NA,NA
40.26639,-123.8692
41.30056,-124.0644
NA,NA
NA,NA
NA,NA
40.85,-123.55
NA,NA
NA,NA
NA,NA
40.465,-124
40.85,-123.7
NA,NA
NA,NA
NA,NA
NA,NA
NA,NA
NA,NA
NA,NA
NA,NA
NA,NA
NA,NA
NA,NA
41.37861,-123.7481
NA,NA
NA,NA
NA,NA
41.28694,-124.0586
41.23528,-123.6581
NA,NA
NA,NA
NA,NA
41.25,-123.6667
41.16,-123.9
40.3,-124.2
41.21385,-124.0687
40.35259,-124.0101
41.0773,-124.1461
40.01142,-123.9122
40.03527,-123.7876
41.0312,-123.669
40.44307,-123.9863
NA,NA
NA,NA
38.48959,-107.7
38.49833,-107.8833
37.4625,-108.2083
40.45418,-108.5417
38.9969,-108.1098
37.09263,-104.3786
40.79166,-105.9583
40.57499,-105.3646
37.33815,-107.501
39.31667,-105.3542
NA,NA
37.5969,-105.4826
38.90833,-107.575
38.59998,-106.6417
39.01577,-106.7522
NA,NA
37.89225,-107.1971
38.02372,-107.193
40.4521,-106.6535
40.54167,-105.9333
39.35503,-105.2527
39.52701,-105.4147
39.26944,-106.3833
39.18975,-106.4269
39.24998,-106.2583
39.225,-106.3625
39.15735,-106.4213
39.0917,-106.4417
39.29325,-106.1215
39.1006,-106.5445
NA,NA
40.84707,-105.6385
40.33838,-105.5728
40.3105,-105.812
NA,NA
40.26821,-105.1821
39.16305,-107.9514
NA,NA
40.277,-107.8708
37.4125,-108.1292
37.33925,-108.3364
39.40305,-105.8226
39.2026,-106.1143
38.9,-105.3812
38.93333,-105.4917
39.20834,-106.0417
39.3045,-106.171
39.39565,-105.7854
NA,NA
39.40589,-105.475
39.30023,-105.6723
38.77741,-105.9111
39.4191,-105.7065
39.1084,-107.0153
39.3375,-107.0671
39.45824,-106.625
NA,NA
38.4,-105.1167
NA,NA
39.6632,-106.8085
39.42923,-104.9677
37.70835,-107.9584
38.875,-107.7084
38.0654,-105.1137
NA,NA
37.30833,-106.4917
39.67095,-105.8199
39.25,-106.3
40.17585,-105.3792
37.19583,-107.1771
37.57915,-105.4979
41.36935,-73.1512
41.51105,-72.46315
NA,NA
41.86425,-73.00099
NA,NA
41.7538,-73.49733
42.00356,-73.32587
41.49472,-73.36136
41.68669,-73.35194
41.82935,-73.15157
41.95082,-72.99536
41.45549,-73.27592
41.38609,-72.30142
41.38622,-72.60558
37.025,-106.8583
37.38334,-107.4667
40.00817,-105.298
38.60124,-106.3466
40.025,-105.4458
38.83714,-106.199
38.71954,-106.2384
37.32255,-106.5123
NA,NA
37.1137,-106.3681
37.2362,-106.541
37.3199,-106.3325
37.26505,-106.4745
37.37285,-106.496
NA,NA
37.56055,-105.2869
39.21338,-105.0652
39.4455,-105.0787
39.4627,-106.6035
NA,NA
NA,NA
NA,NA
39.37357,-107.0596
38.716,-104.875
38.8993,-104.9743
38.6691,-104.8604
38.9006,-104.9917
39.0621,-105.0138
38.5859,-104.9426
38.54166,-104.9908
NA,NA
41.72182,-72.91057
NA,NA
30.2386,-84.7025
30.07067,-82.38086
30.11597,-83.89289
30.26682,-82.87125
28.555,-82.055
29.85375,-81.3456
28.62323,-81.12898
30.84015,-86.9648
28.6901,-81.5446
27.35644,-80.96515
30.90529,-86.68372
30.71004,-82.0443
25.19935,-80.87379
25.782,-81.07385
25.39544,-80.59502
25.141,-80.926
26.18326,-81.24751
27.45883,-80.79379
30.51295,-86.5065
30.75,-86.65
30.6966,-86.7513
30.62555,-86.54302
30.71482,-86.63961
30.6098,-86.4945
30.68441,-86.55637
30.80618,-86.61586
27.3973,-80.8044
27.34928,-81.03941
28.40593,-81.5547
28.54205,-81.20045
28.48106,-81.11927
28.5465,-81.5545
NA,NA
28.56308,-81.03185
28.54293,-80.94411
28.45247,-81.01299
28.79313,-81.45028
30.56775,-86.6913
31.00009,-87.00008
27.28518,-82.46557
27.099,-82.454
27.1788,-82.20475
27.10589,-82.30699
27.19995,-81.98468
27.00061,-82.39019
28.662,-81.31985
28.8555,-81.306
28.63434,-81.14076
28.42146,-81.23721
29.7788,-81.45421
30.0771,-81.39806
29.83863,-81.2299
29.96828,-81.4048
28.44926,-81.95577
28.44926,-81.95577
28.50566,-81.97483
28.69205,-81.7089
28.45786,-82.04508
28.94296,-81.97549
NA,NA
30.13156,-82.96643
30.3125,-82.879
30.31709,-82.8436
30.37369,-83.1736
NA,NA
29.33246,-81.12292
28.85025,-80.93919
28.9935,-80.933
28.98195,-80.86715
29.29063,-81.08198
29.3396,-81.0834
29.4076,-81.12167
29.28971,-81.52609
28.91605,-81.32394
28.97672,-81.23386
28.96416,-81.21989
29.16675,-81.29897
NA,NA
41.42178,-72.85863
26.91319,-80.48412
29.0599,-82.05835
27.445,-82.391
30.55044,-83.48494
30.08341,-85.11039
30.4836,-84.20835
29.22079,-81.80539
30.40785,-83.96767
27.78042,-80.55011
30.98555,-85.6489
28.043,-82.438
27.37341,-81.35876
28.50665,-82.50591
26.61979,-80.60976
28.5716,-82.52655
28.54028,-82.11083
28.55359,-82.63696
27.7068,-82.45165
27.928,-82.124
28.14617,-82.24487
27.66726,-82.43094
NA,NA
28.14162,-82.3948
28.12479,-82.23728
27.82074,-82.1694
30.9854,-85.95136
30.79,-85.685
30.993,-85.97701
NA,NA
30.8724,-85.217
30.59612,-83.649
28.917,-81.898
29.12915,-81.63025
29.10635,-81.62275
28.775,-81.6965
28.86151,-81.7757
29.08405,-81.59005
29.04865,-81.4692
28.966,-81.649
28.80455,-81.45354
28.85982,-81.48534
28.78028,-81.90477
NA,NA
28.98491,-81.43248
29.05872,-81.4819
29.97454,-81.55172
28.20249,-81.45163
29.00086,-81.64167
26.59885,-81.8708
26.529,-81.6455
26.7621,-81.8539
26.6685,-81.8768
26.6878,-81.6143
26.67822,-81.81697
NA,NA
29.10855,-82.75685
29.47368,-82.6783
29.07718,-82.74918
29.4179,-82.55556
29.39384,-82.44225
29.191,-82.6505
29.1039,-82.3722
29.32605,-82.61581
29.4694,-82.71979
29.42016,-82.82335
29.23723,-83.00198
30.54079,-84.91096
30.5931,-83.41369
27.35273,-82.22301
27.40743,-82.12901
29.1951,-81.90875
29.1299,-82.58765
28.99487,-81.78879
29.0765,-81.8945
29.19395,-81.9233
29.098,-82.42
29.01175,-82.03495
29.43465,-81.80878
29.07655,-81.9055
29.3143,-81.7268
29.28942,-82.92592
29.36953,-81.86789
29.47529,-81.78307
NA,NA
29.16722,-82.01917
28.99496,-81.59869
29.1795,-82.0435
29.27043,-81.69337
27.0099,-80.13215
26.9807,-80.31353
27.01091,-80.10344
29.8398,-85.0681
29.591,-82.929
30.6645,-84.60745
29.47035,-81.1273
30.9905,-87.1814
30.2809,-81.83705
29.6699,-82.98365
26.0645,-81.3615
30.05705,-81.75165
28.90854,-82.34611
27.0047,-82.0332
30.71362,-85.20786
28.3725,-80.8595
29.94974,-82.15501
29.97917,-81.85223
28.20954,-80.83882
28.31193,-80.7217
28.93312,-80.84301
28.48899,-80.84716
NA,NA
NA,NA
26.05091,-80.29457
26.27395,-80.1937
26.08285,-80.21025
26.28585,-80.17845
26.28516,-80.27977
26.9745,-82.1475
27.07842,-81.99105
26.85451,-81.71583
NA,NA
26.91675,-81.96517
28.76465,-82.42065
28.78812,-82.40295
28.84542,-82.20726
30.069,-81.771
29.98085,-81.80005
30.11584,-81.94118
30.05287,-81.82794
30.10139,-81.88324
30.10534,-81.89438
30.03432,-81.90216
30.10386,-81.89565
30.03042,-81.90182
30.10851,-81.89905
30.0461,-81.9347
30.08748,-81.85762
29.95301,-82.0125
29.94011,-81.91354
30.0809,-81.7624
25.8972,-81.3065
26.15915,-81.76041
26.283,-81.2521
26.06885,-80.8368
25.91695,-81.29691
25.86895,-81.1498
25.84875,-81.3142
26.0079,-81.22285
26.01535,-81.0651
25.953,-81.356
25.927,-81.33
26.1699,-80.98849
26.09729,-81.71505
NA,NA
25.901,-81.303
25.95574,-81.48598
26.1875,-81.69245
26.03808,-81.64948
25.889,-81.3215
25.76119,-80.58182
25.4817,-80.5158
25.54494,-80.47805
25.51665,-80.43689
25.73951,-80.48021
30.4544,-81.4189
30.23693,-81.54172
30.2333,-81.52915
30.2637,-81.49433
30.25389,-81.8992
30.36186,-81.41444
30.9725,-87.265
29.41889,-81.13924
NA,NA
30.587,-84.583
30.32305,-85.4427
29.93629,-85.3948
30.28881,-85.64108
30.1766,-85.8055
30.43412,-82.28943
29.67757,-82.35501
29.77535,-82.3657
29.58358,-82.33316
29.74815,-82.44075
NA,NA
NA,NA
NA,NA
NA,NA
NA,NA
NA,NA
NA,NA
NA,NA
